age,day,duration,campaign,pdays,previous,balance
30,19,79,1,-1,0,1787
33,11,220,1,339,4,4789
35,16,185,1,330,1,1350
30,3,199,4,-1,0,1476
59,5,226,1,-1,0,0
35,23,141,2,176,3,747
36,14,341,1,330,2,307
39,6,151,2,-1,0,147
41,14,57,2,-1,0,221
43,17,313,1,147,2,-88
39,20,273,1,-1,0,9374
43,17,113,2,-1,0,264
36,13,328,2,-1,0,1109
20,30,261,1,-1,0,502
31,29,89,1,241,1,360
40,29,189,2,-1,0,194
56,27,239,5,-1,0,4073
37,20,114,1,152,2,2317
25,23,250,1,-1,0,-221
31,7,148,1,152,1,132
38,18,96,2,-1,0,0
42,19,140,3,-1,0,16
44,12,109,2,-1,0,106
44,7,125,2,-1,0,93
26,30,169,3,-1,0,543
41,20,182,2,-1,0,5883
55,5,247,1,-1,0,627
67,17,119,1,105,2,696
56,30,149,2,-1,0,784
53,21,74,2,-1,0,105
68,14,897,2,-1,0,4189
31,27,81,3,-1,0,171
59,21,40,1,-1,0,42
32,26,958,6,-1,0,2536
23,30,16,18,-1,0,363
38,17,609,2,101,3,11971
36,11,106,2,-1,0,553
52,13,365,1,-1,0,1117
32,13,205,3,-1,0,396
32,21,11,4,-1,0,2204
34,7,105,2,-1,0,872
55,2,59,3,5,2,145
26,21,425,1,-1,0,0
32,4,204,1,-1,0,-849
61,27,181,1,92,1,4629
45,5,1018,3,-1,0,844
37,20,1740,2,-1,0,228
38,29,98,2,-1,0,50
34,15,441,1,56,1,1539
53,14,272,3,-1,0,2231
48,15,159,2,-1,0,3064
57,4,140,1,-1,0,82
33,17,295,1,-1,0,2155
36,26,314,1,-1,0,101
54,15,579,1,-1,0,784
41,8,554,3,-1,0,-516
63,7,323,1,-1,0,415
48,13,227,2,-1,0,5887
48,4,134,2,-1,0,1355
56,7,223,1,-1,0,16873
51,8,134,1,170,5,203
31,28,155,1,-1,0,338
29,21,130,4,-1,0,444
41,7,630,3,-1,0,0
32,19,164,2,-1,0,360
37,16,268,2,182,3,0
42,5,380,1,-1,0,2
31,9,154,2,-1,0,6248
41,3,154,5,-1,0,412
56,15,221,1,-1,0,344
54,14,67,2,-1,0,3222
41,14,367,2,297,1,174
40,14,87,6,-1,0,591
50,5,701,1,-1,0,388
40,17,204,2,196,1,219
27,16,652,1,-1,0,451
60,26,63,2,-1,0,5
28,6,150,1,-1,0,177
52,7,398,2,460,2,657
37,30,224,1,-1,0,1315
51,7,406,2,-1,0,1466
41,7,60,4,-1,0,879
35,30,521,2,-1,0,293
38,17,279,1,-1,0,424
34,20,203,2,-1,0,1831
39,18,201,2,-1,0,111
34,20,372,3,-1,0,455
27,18,391,1,-1,0,-195
32,14,165,2,-1,0,3616
57,11,231,5,-1,0,14093
41,1,291,2,-1,0,1567
41,14,149,2,-1,0,5426
30,19,233,1,137,20,261
36,12,473,1,182,1,2843
31,4,736,1,-1,0,406
36,6,337,1,-1,0,0
38,11,553,1,367,7,493
49,21,345,2,-1,0,5996
57,13,65,2,-1,0,3777
34,13,9,1,-1,0,524
32,14,259,2,145,3,574
37,9,371,3,-1,0,427
33,3,280,2,-1,0,483
56,21,243,1,-1,0,3391
27,23,435,3,-1,0,0
21,30,258,6,169,3,2488
58,29,7,5,-1,0,1517
32,15,317,5,-1,0,217
33,30,76,2,207,1,22
25,26,170,4,-1,0,331
25,17,386,2,-1,0,505
30,18,83,2,-1,0,1808
22,19,65,1,-1,0,4111
39,13,69,1,-1,0,52
46,17,564,2,-1,0,25
31,21,588,1,-1,0,1890
45,18,113,4,-1,0,419
32,21,16,1,-1,0,2693
36,15,779,2,-1,0,-231
51,11,281,2,266,6,-55
34,21,1877,3,-1,0,462
24,15,51,1,-1,0,119
45,28,32,3,-1,0,586
32,5,176,1,288,3,228
77,14,161,1,-1,0,4659
41,18,187,3,-1,0,168
37,26,24,1,-1,0,0
43,30,67,3,-1,0,-715
48,8,85,1,168,2,0
27,9,317,2,-1,0,769
33,28,236,10,-1,0,0
29,7,54,1,345,2,428
34,5,71,1,-1,0,0
52,4,489,1,-1,0,-970
60,19,39,2,-1,0,6313
32,12,204,2,-1,0,948
32,22,455,2,-1,0,0
56,30,86,1,-1,0,1877
31,18,190,2,-1,0,874
42,8,280,2,-1,0,323
35,11,588,2,-1,0,106
56,19,45,9,-1,0,1906
48,21,168,5,-1,0,1152
46,29,194,4,436,1,179
37,8,103,3,-1,0,391
41,6,333,2,-1,0,89
36,29,102,3,-1,0,442
45,1,92,1,-1,0,-249
55,6,213,2,-1,0,8104
39,26,289,1,-1,0,501
35,22,77,2,-1,0,308
55,1,324,3,90,2,602
55,29,84,3,183,3,273
27,29,168,1,-1,0,50
34,17,380,1,-1,0,1641
34,4,10,1,-1,0,20
25,28,199,2,-1,0,4590
41,9,35,3,-1,0,-256
43,26,82,2,-1,0,978
28,20,676,2,146,2,80
31,3,455,1,-1,0,2104
78,16,80,4,-1,0,499
45,29,549,2,-1,0,1269
48,6,135,1,-1,0,310
32,10,412,1,-1,0,1143
42,20,101,3,-1,0,2980
37,28,253,2,-1,0,37
40,6,272,1,335,4,462
32,17,84,1,-1,0,1031
42,20,135,2,-1,0,9009
43,23,166,1,-1,0,-465
44,31,18,7,-1,0,5181
37,5,147,2,347,1,176
37,9,63,1,-1,0,1699
37,17,65,2,119,1,0
28,2,194,2,-1,0,172
32,11,333,2,-1,0,0
34,15,14,5,-1,0,6979
40,11,140,1,-1,0,6
34,16,109,3,-1,0,-62
34,23,61,2,-1,0,1972
34,19,377,3,7,4,899
37,2,96,1,271,2,21
36,8,152,2,347,1,23
56,15,382,2,-1,0,-1206
49,23,97,6,-1,0,0
33,29,543,12,-1,0,215
30,20,240,2,-1,0,1372
36,17,48,2,-1,0,1981
23,5,471,2,-1,0,9216
57,30,354,3,-1,0,39
27,30,435,2,-1,0,5563
38,21,152,2,-1,0,1
42,3,285,1,-1,0,782
75,15,185,1,181,2,3771
34,4,301,1,88,2,992
48,6,273,2,-1,0,1526
35,19,768,2,141,3,2658
39,19,1337,4,126,1,1315
29,21,403,1,-1,0,455
45,18,139,2,-1,0,0
42,9,196,1,-1,0,2030
29,8,115,1,61,1,1599
38,2,60,1,271,1,-196
56,28,17,14,-1,0,1333
36,13,141,3,-1,0,9149
25,23,95,3,-1,0,-350
38,15,10,2,373,1,432
57,19,198,1,-1,0,11494
31,12,220,4,-1,0,-253
42,3,654,2,-1,0,372
45,11,71,2,-1,0,1410
30,13,256,2,351,2,975
49,10,834,10,-1,0,305
49,21,151,3,-1,0,400
53,31,20,3,-1,0,-22
37,26,178,5,-1,0,4030
49,26,59,2,-1,0,365
41,13,111,7,-1,0,204
54,20,186,1,-1,0,1691
32,6,227,1,-1,0,406
33,15,297,3,-1,0,-204
33,20,210,1,242,1,359
36,18,9,1,-1,0,123
35,23,112,1,62,6,0
52,25,112,6,-1,0,142
40,9,222,3,-1,0,3571
44,13,195,3,351,10,33
45,26,768,2,91,5,0
30,26,123,1,-1,0,3096
48,27,145,3,-1,0,20
33,2,124,1,308,2,3576
57,5,216,3,-1,0,206
57,6,69,3,-1,0,7082
51,22,168,4,-1,0,1634
34,22,483,7,-1,0,1
50,19,690,3,-1,0,4012
44,28,125,12,-1,0,3762
27,4,344,2,-1,0,-247
50,14,673,2,-1,0,606
36,28,60,1,250,1,0
42,12,247,2,-1,0,-189
32,27,123,2,-1,0,0
42,11,144,2,-1,0,484
43,8,9,2,172,5,0
31,9,155,3,-1,0,395
32,14,134,5,-1,0,2349
55,11,221,2,-1,0,410
58,3,84,3,265,2,3401
46,8,71,2,-1,0,222
55,23,246,4,-1,0,989
34,23,361,2,-1,0,415
28,12,119,4,-1,0,16
42,29,375,2,-1,0,7190
29,10,1097,3,-1,0,482
54,25,97,1,-1,0,209
32,26,181,2,-1,0,0
39,2,83,3,-1,0,5803
53,21,180,4,-1,0,624
58,18,543,1,78,2,883
40,23,373,1,-1,0,1516
29,7,230,1,-1,0,872
33,15,83,3,-1,0,-988
38,31,58,13,-1,0,902
56,29,88,6,-1,0,1007
40,2,297,1,28,3,0
24,18,487,1,-1,0,174
46,20,29,3,-1,0,12186
35,21,484,4,-1,0,524
35,21,262,4,-1,0,0
34,15,644,1,-1,0,4
35,12,699,2,79,1,11219
38,28,247,2,-1,0,0
50,18,49,3,-1,0,5776
51,13,341,1,-1,0,37
59,13,64,2,-1,0,593
32,20,121,1,-1,0,1148
37,2,98,1,-1,0,3561
42,16,88,6,-1,0,63
40,20,197,6,-1,0,260
28,9,331,1,-1,0,2269
47,6,83,3,-1,0,1060
27,26,138,2,-1,0,-220
41,17,312,5,-1,0,49
34,4,120,3,1,6,69
50,7,526,2,-1,0,4108
47,28,211,2,-1,0,480
53,18,62,6,-1,0,4994
53,15,135,5,-1,0,0
47,14,101,2,-1,0,3681
49,30,988,2,-1,0,-701
29,28,451,1,-1,0,451
45,23,1030,1,-1,0,-311
38,24,1484,24,-1,0,593
32,9,317,5,-1,0,759
70,18,445,1,-1,0,4531
65,1,383,2,188,5,1840
56,22,605,1,-1,0,345
35,14,330,2,-1,0,1287
56,25,171,2,-1,0,353
56,23,442,2,-1,0,205
49,17,772,1,-1,0,687
38,8,249,5,-1,0,1147
35,9,357,1,-1,0,4286
38,18,147,2,-1,0,605
49,6,199,7,167,1,8545
55,28,271,2,-1,0,559
43,30,783,3,-1,0,2
43,20,472,2,-1,0,2
25,27,223,3,89,2,760
30,21,395,2,-1,0,1317
46,4,56,1,-1,0,182
50,17,641,6,-1,0,276
35,4,429,4,164,2,2971
26,31,113,1,-1,0,1064
45,20,11,11,-1,0,1783
37,2,157,1,-1,0,-67
60,29,79,4,-1,0,179
38,4,178,1,1,1,1199
47,9,168,1,-1,0,214
33,9,425,1,462,1,6699
51,19,162,1,-1,0,1760
35,18,799,2,-1,0,145
35,29,1370,3,209,3,978
48,28,357,1,-1,0,1150
37,22,22,6,-1,0,121
29,16,215,3,321,3,828
34,31,56,4,-1,0,244
32,21,1017,6,-1,0,228
30,16,298,4,-1,0,424
47,7,126,1,-1,0,447
33,20,9,1,-1,0,-195
33,5,8,1,254,5,1410
63,14,201,1,183,1,1084
51,6,106,2,-1,0,10924
41,21,164,1,176,1,832
56,5,97,1,-1,0,478
60,23,151,1,-1,0,0
41,30,96,2,-1,0,3950
37,16,555,1,-1,0,504
36,11,270,2,347,1,219
57,29,339,3,-1,0,1602
55,4,328,2,94,2,2587
44,16,159,1,-1,0,0
47,6,323,2,364,1,2303
31,20,342,1,-1,0,1660
35,21,180,1,-1,0,32
39,28,60,3,-1,0,278
50,17,223,1,96,2,4
29,18,1434,2,356,4,318
30,6,30,2,-1,0,209
46,16,134,4,-1,0,271
27,9,10,2,-1,0,3196
48,2,397,2,-1,0,4099
26,5,620,1,-1,0,2572
36,21,6,6,-1,0,339
42,7,209,2,-1,0,0
50,15,419,2,-1,0,395
49,18,283,2,-1,0,2039
45,8,188,2,-1,0,5450
23,16,267,1,-1,0,780
38,7,196,2,-1,0,0
32,17,245,1,149,2,8436
60,26,323,1,-1,0,11262
30,19,1065,1,183,1,946
58,11,138,5,-1,0,497
60,4,207,1,-1,0,55
38,25,456,3,-1,0,-140
51,5,261,1,-1,0,-379
42,11,80,1,308,4,-396
30,18,131,6,363,9,0
40,6,94,7,-1,0,733
37,14,567,3,275,4,393
53,30,153,1,-1,0,7290
27,13,109,1,-1,0,468
39,30,53,1,325,1,0
39,16,77,1,-1,0,3705
59,27,234,2,-1,0,9676
37,13,121,2,341,4,1328
41,15,155,2,-1,0,8
45,17,108,1,-1,0,61
48,17,159,3,-1,0,6613
48,26,208,3,-1,0,302
32,12,215,1,-1,0,1005
35,6,597,3,-1,0,109
33,4,505,2,260,1,1240
28,3,380,4,-1,0,0
64,12,120,1,-1,0,2923
35,27,106,4,-1,0,0
33,14,332,2,358,2,43
41,15,221,4,-1,0,288
34,4,80,1,-1,0,613
37,4,60,5,87,1,6101
38,13,212,3,-1,0,168
39,14,493,3,-1,0,7685
35,19,98,2,-1,0,4515
28,8,681,1,-1,0,517
27,22,203,1,-1,0,148
48,19,157,1,-1,0,-285
50,16,287,1,-1,0,887
45,7,159,2,-1,0,3098
41,14,125,1,-1,0,744
39,8,202,2,-1,0,130
44,8,37,3,303,1,438
54,28,161,1,98,2,0
49,6,72,4,-1,0,322
34,2,342,1,-1,0,186
75,16,262,1,183,1,3810
42,13,325,2,-1,0,0
53,19,223,7,-1,0,4380
49,31,1212,4,-1,0,755
31,29,319,2,-1,0,2070
45,29,182,2,-1,0,999
39,17,330,1,-1,0,167
46,19,514,1,-1,0,1322
42,14,213,1,-1,0,1076
37,7,551,1,351,1,502
26,16,472,2,-1,0,1216
37,15,140,4,327,2,876
36,7,142,1,-1,0,342
29,4,135,3,-1,0,950
36,23,293,1,-1,0,973
26,13,107,1,-1,0,3825
32,20,127,2,-1,0,2366
40,20,1816,1,-1,0,542
53,4,200,3,-1,0,995
29,12,418,1,-1,0,20
34,22,387,4,-1,0,228
43,5,156,1,337,3,130
56,21,121,2,-1,0,217
55,6,108,2,-1,0,0
31,7,47,1,-1,0,259
27,20,16,5,322,4,619
36,18,54,2,-1,0,644
44,6,265,2,-1,0,22
37,23,168,1,-1,0,4303
30,7,115,3,-1,0,239
42,26,31,8,-1,0,275
30,25,279,4,-1,0,1221
62,1,28,2,-1,0,816
24,20,369,1,-1,0,1222
31,13,247,1,-1,0,2363
66,22,155,1,-1,0,2262
47,10,89,1,-1,0,2
39,17,180,1,-1,0,2
35,18,854,1,-1,0,4508
35,17,46,1,-1,0,-402
27,28,266,2,-1,0,1577
32,5,321,2,-1,0,34
44,28,99,24,-1,0,795
42,9,147,1,-1,0,117
34,30,430,1,-1,0,5462
25,7,264,1,-1,0,402
40,16,156,6,-1,0,641
43,26,118,1,102,2,36
55,6,343,3,-1,0,383
50,7,226,3,-1,0,283
45,1,5,1,-1,0,0
35,20,138,1,-1,0,3102
32,10,185,1,99,5,889
59,3,722,1,99,4,0
34,21,748,1,-1,0,-370
39,26,142,1,-1,0,-606
40,17,523,3,-1,0,10378
36,20,8,10,-1,0,1313
40,17,153,1,-1,0,8969
55,20,210,2,-1,0,-196
38,10,121,1,-1,0,15
61,12,212,1,-1,0,4608
41,21,253,3,-1,0,666
57,13,139,4,-1,0,452
48,9,71,1,-1,0,149
77,4,421,1,92,2,7802
35,28,199,1,-1,0,1453
54,14,108,1,-1,0,1480
37,20,247,2,-1,0,715
56,9,236,4,-1,0,237
40,4,97,4,196,5,694
40,14,109,8,-1,0,0
54,2,112,2,-1,0,55
55,19,15,10,-1,0,136
55,22,502,3,-1,0,-404
52,16,30,3,-1,0,779
55,2,193,2,-1,0,1187
33,13,347,2,-1,0,641
52,15,468,2,-1,0,826
33,27,148,1,-1,0,991
53,16,295,1,91,2,1796
46,26,388,6,-1,0,22
44,12,1735,4,-1,0,244
48,6,339,1,-1,0,1328
50,13,172,1,370,1,7317
34,19,117,2,-1,0,4943
38,20,587,2,-1,0,258
42,19,501,2,-1,0,515
32,14,203,5,84,1,12607
58,25,282,9,-1,0,2
31,28,110,5,-1,0,13
19,10,104,2,-1,0,103
41,15,231,1,-1,0,3872
31,20,378,3,-1,0,296
52,15,193,6,-1,0,217
42,24,110,5,-1,0,360
41,12,92,1,-1,0,428
30,23,1407,1,-1,0,315
38,6,168,1,212,2,121
32,17,738,3,-1,0,820
52,18,220,1,63,5,195
48,27,89,2,-1,0,108
36,31,30,29,-1,0,-381
45,20,103,1,325,4,757
34,2,70,1,-1,0,691
36,20,904,2,-1,0,1925
34,14,159,1,367,2,902
61,11,336,1,81,2,5207
54,19,220,1,-1,0,0
50,17,238,1,-1,0,665
43,21,585,4,191,4,738
47,8,293,3,-1,0,233
45,28,68,1,-1,0,-839
57,17,97,1,-1,0,5799
27,9,1713,1,-1,0,1033
49,9,218,3,-1,0,66
43,14,109,1,360,2,2567
40,21,661,1,-1,0,1584
32,6,145,1,-1,0,182
58,18,54,4,-1,0,76
34,20,111,1,-1,0,663
46,14,566,2,-1,0,3455
29,3,136,1,-1,0,15
52,4,273,1,-1,0,1054
45,30,160,1,-1,0,1529
26,28,76,4,-1,0,63
40,19,44,1,-1,0,0
41,27,239,1,-1,0,920
47,12,250,2,181,4,3696
27,15,792,4,-1,0,59
27,23,198,13,-1,0,0
48,6,73,1,-1,0,157
49,20,157,3,-1,0,2465
35,24,90,6,-1,0,0
47,5,236,2,-1,0,2
54,16,118,5,-1,0,0
39,18,40,1,-1,0,12437
28,17,346,1,-1,0,378
54,19,200,2,-1,0,211
34,20,187,3,332,3,-228
63,11,113,1,80,1,2747
42,16,192,32,-1,0,1932
43,29,92,1,-1,0,11269
37,8,682,2,85,7,1314
55,25,139,9,-1,0,2275
43,6,501,2,-1,0,1304
41,24,651,1,-1,0,720
47,18,405,13,-1,0,2914
34,23,350,1,-1,0,1464
28,8,125,2,-1,0,11555
36,13,36,2,-1,0,-302
50,21,35,1,176,1,2497
35,8,389,2,-1,0,-339
40,29,194,1,247,1,56
26,29,168,3,-1,0,211
36,4,347,3,-1,0,3611
59,30,3025,2,-1,0,0
28,16,83,13,-1,0,459
46,9,332,2,-1,0,242
50,14,219,10,-1,0,1138
53,16,427,1,150,1,1319
81,19,65,5,-1,0,1
35,5,192,2,-1,0,67
58,5,155,1,-1,0,937
44,11,161,1,-1,0,0
38,21,533,1,-1,0,-558
49,4,19,3,175,2,171
33,5,193,1,176,8,696
29,28,819,3,-1,0,361
28,30,278,1,-1,0,227
31,4,211,3,-1,0,236
33,29,617,2,-1,0,-53
52,23,61,2,-1,0,192
43,25,197,6,-1,0,38
32,18,34,7,-1,0,518
36,18,95,4,-1,0,16
41,3,147,2,-1,0,-256
43,4,668,2,-1,0,105
45,5,87,2,-1,0,334
39,21,405,1,-1,0,1048
41,13,83,7,-1,0,108
31,22,115,1,-1,0,660
37,10,108,1,-1,0,0
28,29,113,1,-1,0,1034
47,7,58,2,382,1,201
37,8,148,4,-1,0,189
60,29,188,1,261,2,-49
43,28,75,3,-1,0,1413
58,8,523,3,-1,0,264
52,18,103,1,-1,0,54
50,17,146,2,147,4,12519
32,2,356,1,-1,0,2881
42,17,71,1,-1,0,0
31,8,189,2,-1,0,88
28,28,251,1,-1,0,1020
36,23,127,8,-1,0,119
51,4,197,1,-1,0,1594
46,5,84,1,-1,0,342
50,8,141,2,-1,0,72
32,2,171,1,-1,0,14
26,21,262,3,-1,0,81
41,7,352,2,-1,0,231
39,9,236,1,336,1,1161
31,2,184,1,-1,0,-45
28,25,568,2,-1,0,231
31,27,105,2,-1,0,36
30,26,260,1,-1,0,1570
35,11,222,3,182,4,7050
33,6,447,2,-1,0,3704
30,21,239,8,-1,0,6619
32,11,426,1,-1,0,-84
40,12,333,1,58,3,1509
31,6,174,2,-1,0,1134
36,15,284,2,-1,0,146
33,8,428,1,-1,0,9449
57,16,236,1,-1,0,374
45,29,150,2,-1,0,88
59,24,237,1,206,2,2764
30,25,1031,8,-1,0,2
33,30,107,1,105,3,8023
52,21,45,13,-1,0,289
83,18,140,10,-1,0,0
58,9,700,1,-1,0,1382
33,18,155,1,-1,0,280
41,3,211,5,-1,0,2195
31,6,165,4,-1,0,33
35,10,144,5,-1,0,275
27,5,590,3,-1,0,703
57,20,43,8,-1,0,887
56,20,471,2,-1,0,0
53,15,295,2,-1,0,1178
39,2,526,2,-1,0,2763
32,28,27,10,-1,0,890
46,12,1181,4,-1,0,548
56,26,103,2,-1,0,272
46,18,249,3,112,2,6269
29,5,231,4,-1,0,178
60,13,123,2,147,3,252
33,16,199,2,146,2,23663
27,5,197,1,199,3,81
50,28,67,2,-1,0,59
45,8,220,1,-1,0,1343
58,7,122,6,-1,0,225
59,26,104,7,-1,0,0
58,31,307,6,-1,0,2538
64,11,117,1,91,1,43
47,5,253,1,342,1,57
40,17,770,2,-1,0,-117
36,3,190,1,133,1,666
28,16,767,5,-1,0,0
38,1,232,2,-1,0,25
53,19,854,2,170,3,1034
46,30,293,6,-1,0,324
54,16,986,1,94,8,0
32,19,66,1,-1,0,0
55,2,114,1,208,1,621
55,17,205,1,-1,0,138
56,28,31,4,-1,0,4063
40,11,113,1,-1,0,11084
44,6,200,1,253,1,310
32,21,158,1,135,1,73
33,4,99,4,-1,0,1808
41,31,45,3,-1,0,1281
37,12,239,4,278,2,64
58,11,168,3,-1,0,2
52,26,196,2,-1,0,60
49,11,319,6,-1,0,133
44,17,209,3,-1,0,3706
28,28,184,1,-1,0,174
31,29,156,2,-1,0,251
37,31,35,16,-1,0,4153
30,19,88,2,-1,0,985
28,1,347,3,140,2,168
46,16,126,2,149,8,1550
47,21,157,5,-1,0,7708
35,12,212,5,-1,0,-12
80,19,123,1,-1,0,6483
30,7,306,5,-1,0,60
55,2,63,1,-1,0,3339
22,16,119,1,-1,0,1161
33,21,29,1,-1,0,599
53,31,117,2,-1,0,28
49,18,231,2,-1,0,1430
51,8,123,4,-1,0,35
41,18,265,1,-1,0,6000
34,15,144,1,-1,0,0
36,16,559,3,-1,0,340
35,5,74,1,168,4,0
29,10,183,1,-1,0,3
40,24,631,1,-1,0,445
32,12,1282,6,-1,0,874
48,13,108,2,-1,0,705
59,11,1199,1,-1,0,1033
35,23,736,2,-1,0,1354
33,19,264,1,-1,0,123
55,11,262,1,-1,0,8894
41,13,244,1,-1,0,429
42,19,107,2,-1,0,14752
46,24,9,1,-1,0,67
35,31,149,2,-1,0,39
28,28,321,2,-1,0,102
25,17,224,1,322,3,1790
56,29,157,6,-1,0,15311
30,25,250,1,-1,0,-635
45,11,209,4,-1,0,115
40,20,111,3,-1,0,10786
40,8,55,2,298,4,498
39,9,290,13,-1,0,1045
48,6,383,1,-1,0,810
31,18,380,1,-1,0,-162
32,2,124,3,-1,0,55
34,8,224,2,-1,0,586
26,29,240,1,182,8,455
31,15,385,3,364,9,1010
37,6,133,1,-1,0,509
29,11,91,1,-1,0,2929
57,7,63,3,-1,0,3071
47,18,192,2,-1,0,153
38,21,91,2,-1,0,1146
48,18,79,1,172,8,1092
50,28,96,1,-1,0,3463
33,20,25,2,-1,0,1158
28,7,227,2,-1,0,26
30,5,110,1,-1,0,566
52,7,134,2,-1,0,204
36,20,213,1,-1,0,480
36,4,75,1,273,1,1855
46,8,109,2,-1,0,1034
57,20,162,3,-1,0,3250
28,5,275,1,-1,0,1633
46,22,154,1,124,1,0
55,14,632,4,-1,0,3334
33,15,251,1,-1,0,4020
53,8,141,1,-1,0,66
41,3,154,1,-1,0,-41
60,7,63,1,-1,0,322
35,8,259,1,-1,0,2643
43,9,100,1,-1,0,49
57,15,17,10,-1,0,1
46,21,192,9,-1,0,3098
31,19,97,9,-1,0,352
53,25,41,2,-1,0,65
35,2,200,3,-1,0,1949
32,20,91,3,-1,0,739
48,1,264,1,-1,0,1167
50,21,397,2,-1,0,231
40,21,86,1,-1,0,1136
42,5,446,1,-1,0,233
59,9,304,1,-1,0,817
27,30,88,4,-1,0,1128
32,20,86,2,-1,0,1831
35,13,63,1,-1,0,450
28,5,335,2,281,8,0
37,29,293,2,162,4,414
57,13,227,4,-1,0,1052
42,5,146,2,-1,0,1022
55,14,276,3,-1,0,343
52,15,238,3,323,2,1944
26,31,14,6,-1,0,-32
52,19,144,2,-1,0,1781
26,8,367,1,-1,0,350
33,16,132,1,-1,0,2
24,27,42,4,-1,0,111
37,5,227,1,-1,0,168
28,18,40,8,349,6,3
30,7,614,2,-1,0,102
33,15,270,1,-1,0,0
55,4,15,1,-1,0,159
33,23,304,2,-1,0,1134
42,11,79,3,-1,0,352
37,3,101,1,-1,0,865
59,5,55,3,-1,0,179
27,19,205,3,-1,0,5
23,18,259,2,-1,0,-230
51,13,60,2,-1,0,0
50,20,122,2,-1,0,3924
43,14,557,5,-1,0,764
37,11,42,1,-1,0,511
34,28,373,8,-1,0,4348
41,14,80,3,-1,0,3016
26,7,239,3,-1,0,279
49,8,29,1,-1,0,1405
29,20,1663,1,-1,0,908
30,20,186,4,-1,0,162
38,6,430,1,-1,0,792
58,24,58,2,-1,0,111
34,25,279,1,117,1,1281
53,28,332,2,-1,0,1012
50,5,510,2,2,5,2881
30,16,218,1,330,2,445
40,17,74,2,256,1,643
57,8,676,1,-1,0,254
40,15,1259,2,333,18,-1212
41,21,285,3,116,4,2125
53,8,298,1,-1,0,629
48,30,225,4,-1,0,-202
32,13,80,2,268,2,271
34,14,342,1,-1,0,703
46,28,404,3,-1,0,-216
45,7,332,1,-1,0,88
51,30,158,1,-1,0,16
31,14,164,1,-1,0,466
47,4,57,1,247,1,-75
32,12,121,1,-1,0,456
41,7,56,1,-1,0,77
37,3,178,1,-1,0,-244
27,29,283,1,-1,0,1209
27,7,113,1,337,2,58
50,20,22,5,-1,0,421
31,2,159,2,271,1,112
40,15,138,1,136,8,13669
43,19,1015,1,198,2,1429
39,2,182,1,-1,0,794
31,4,112,3,-1,0,1957
48,10,114,1,-1,0,454
32,29,80,8,-1,0,882
47,30,66,1,241,1,168
35,26,135,22,-1,0,714
42,7,99,1,-1,0,0
47,5,761,2,-1,0,1996
59,24,464,1,-1,0,163
38,20,20,2,-1,0,3190
50,29,206,4,-1,0,1772
27,8,283,2,-1,0,-151
55,20,64,1,-1,0,16
39,15,667,3,357,3,7066
31,4,73,3,-1,0,454
37,20,156,2,-1,0,4798
28,3,559,7,-1,0,-298
42,20,143,2,-1,0,439
40,15,62,1,-1,0,1927
59,29,219,2,259,5,671
40,15,15,3,-1,0,65
43,16,567,1,-1,0,-932
38,29,188,2,-1,0,4366
54,11,159,2,-1,0,0
41,31,121,2,-1,0,4900
55,28,345,1,94,3,976
33,20,717,1,-1,0,148
46,18,71,3,-1,0,5
36,18,144,2,-1,0,-148
48,22,38,1,-1,0,113
42,28,60,2,-1,0,-105
46,17,336,2,183,2,624
49,27,92,4,-1,0,-1680
36,11,254,2,353,1,-461
34,14,104,1,85,19,144
51,20,74,5,-1,0,4
58,19,156,2,-1,0,309
48,29,146,2,-1,0,866
41,19,882,1,-1,0,1020
49,27,84,4,-1,0,489
43,19,114,2,-1,0,8167
32,2,957,3,-1,0,-255
54,11,67,3,-1,0,3671
33,9,211,11,-1,0,636
35,19,299,2,-1,0,141
56,11,102,6,349,1,150
57,5,225,1,-1,0,839
31,21,654,2,-1,0,26965
33,14,234,2,-1,0,716
29,24,48,6,-1,0,2485
38,13,167,1,174,7,15030
37,26,500,2,-1,0,11303
33,7,22,2,-1,0,595
30,19,258,2,-1,0,19358
31,19,177,1,-1,0,203
28,28,62,2,-1,0,183
26,30,457,1,80,1,255
31,17,460,2,345,2,102
50,22,184,4,-1,0,94
45,13,119,3,371,3,58
48,5,77,6,-1,0,606
41,23,107,1,-1,0,0
60,9,1028,2,-1,0,65
41,14,87,1,-1,0,338
43,9,315,4,-1,0,757
36,19,107,2,-1,0,9269
40,16,201,5,-1,0,1206
28,29,94,1,205,2,882
27,12,192,2,92,2,5291
49,29,185,2,246,1,61
37,17,77,1,-1,0,0
31,6,142,3,-1,0,1407
31,2,381,1,-1,0,25
31,17,222,2,-1,0,1354
35,17,106,1,-1,0,793
51,29,117,1,-1,0,10287
33,7,67,3,-1,0,5235
30,6,45,2,169,2,3
58,14,643,2,-1,0,409
34,15,76,1,69,2,35
45,21,508,6,-1,0,-459
28,5,128,2,-1,0,198
31,17,193,2,322,1,99
40,16,172,6,-1,0,60
30,2,142,2,-1,0,3485
34,27,492,2,-1,0,-139
40,12,140,1,-1,0,952
59,18,140,2,-1,0,1427
43,19,257,2,-1,0,1017
41,29,41,2,266,2,-29
33,21,91,2,-1,0,9
33,20,132,2,-1,0,4040
36,3,284,1,-1,0,13
32,25,184,2,-1,0,1259
25,18,225,1,-1,0,18
25,12,241,3,-1,0,-76
38,20,79,3,-1,0,221
34,22,156,1,-1,0,136
67,27,223,2,-1,0,16353
32,30,198,1,-1,0,-63
45,13,536,2,-1,0,7353
33,21,304,2,-1,0,511
38,20,196,2,315,2,3913
32,12,298,2,-1,0,1097
54,21,86,6,-1,0,6102
51,8,186,1,-1,0,340
42,22,167,3,-1,0,-119
41,22,24,12,-1,0,2993
39,18,74,3,-1,0,3575
38,11,601,1,-1,0,361
39,27,1168,2,-1,0,1072
46,20,277,2,-1,0,2904
50,6,748,3,-1,0,1790
33,19,364,1,-1,0,86
37,19,229,3,-1,0,1633
31,29,43,13,-1,0,8312
34,15,177,1,-1,0,172
34,7,262,1,99,2,0
36,6,317,1,169,2,222
40,20,402,22,-1,0,109
40,1,314,1,-1,0,1451
41,11,109,3,-1,0,1066
52,25,56,6,-1,0,3163
40,12,169,2,-1,0,888
48,18,127,1,-1,0,428
33,20,175,3,-1,0,106
44,12,56,2,-1,0,0
55,8,123,1,-1,0,979
51,28,148,2,-1,0,2662
34,5,231,1,-1,0,84
58,23,255,1,-1,0,5920
39,27,37,3,-1,0,816
27,5,106,1,110,2,3276
55,19,95,1,-1,0,2
35,2,134,2,-1,0,-51
37,9,820,2,-1,0,3315
52,24,116,1,273,3,196
41,12,463,1,-1,0,552
52,12,603,3,-1,0,2347
34,27,47,5,-1,0,3723
53,19,126,1,-1,0,255
33,29,421,2,-1,0,3143
47,26,174,8,-1,0,0
35,30,144,1,266,2,6411
33,8,191,2,-1,0,1909
55,21,222,1,-1,0,3873
58,11,206,1,461,1,1013
44,9,74,1,-1,0,262
25,28,24,1,-1,0,3217
37,6,7,11,351,1,5436
41,15,493,7,-1,0,2067
34,3,350,3,-1,0,215
36,6,250,3,-1,0,1594
44,28,86,4,-1,0,134
34,20,371,1,-1,0,262
56,9,419,2,-1,0,3021
43,8,2087,2,-1,0,388
28,15,22,4,-1,0,3412
54,5,266,1,-1,0,1291
37,21,191,1,-1,0,79
59,19,222,4,94,2,2013
58,17,264,3,-1,0,543
56,9,184,5,-1,0,1016
32,28,95,3,-1,0,604
42,13,127,2,-1,0,525
52,31,395,4,-1,0,353
46,8,174,1,-1,0,964
37,27,124,1,-1,0,3913
39,26,102,2,-1,0,879
31,17,279,1,-1,0,314
59,27,76,11,-1,0,0
38,11,472,2,-1,0,1370
58,18,84,11,-1,0,37
34,20,271,1,184,1,673
40,26,754,1,-1,0,-342
20,11,172,5,371,5,291
34,8,375,2,-1,0,209
31,12,130,2,-1,0,438
39,12,303,3,-1,0,1242
34,16,261,1,-1,0,355
24,17,229,3,-1,0,204
41,1,288,1,-1,0,10758
40,18,219,3,-1,0,5
45,30,891,4,-1,0,410
36,26,204,1,-1,0,605
53,20,19,6,-1,0,4
23,25,158,2,-1,0,8494
42,8,314,1,-1,0,198
48,19,215,1,-1,0,841
34,25,169,4,-1,0,8
36,31,101,4,-1,0,470
43,20,15,13,-1,0,520
36,21,260,5,-1,0,439
49,14,558,1,-1,0,-454
55,17,287,4,-1,0,466
53,22,371,2,-1,0,665
42,11,149,1,78,5,994
45,21,187,1,-1,0,5346
31,21,32,1,-1,0,1243
32,5,138,1,-1,0,0
36,17,228,2,-1,0,2357
56,3,353,2,-1,0,1044
46,8,45,2,-1,0,1069
41,9,76,2,-1,0,231
31,6,144,2,-1,0,0
32,19,168,2,-1,0,266
38,30,140,1,2,3,-70
49,17,94,1,-1,0,25824
46,17,118,3,-1,0,538
29,18,382,1,-1,0,534
36,19,111,1,-1,0,2323
38,15,298,2,-1,0,1852
53,30,121,1,-1,0,2647
43,15,317,7,-1,0,2767
41,5,42,1,-1,0,176
42,5,81,2,-1,0,9720
55,3,296,1,270,3,1613
39,25,259,2,-1,0,2903
30,6,121,6,112,3,81
41,15,432,3,-1,0,780
44,8,126,2,-1,0,178
58,16,120,4,-1,0,299
35,29,136,1,-1,0,285
27,17,1130,3,-1,0,872
34,17,330,2,127,3,1337
25,23,305,2,-1,0,72
36,20,332,3,-1,0,0
38,9,412,1,-1,0,-388
30,11,157,1,-1,0,11
47,30,71,2,-1,0,-535
41,8,297,2,-1,0,787
36,18,307,1,-1,0,3343
63,4,250,2,187,2,3904
23,30,119,1,-1,0,736
32,7,116,2,-1,0,1390
57,7,274,1,-1,0,808
48,5,389,1,64,2,1147
49,4,143,1,-1,0,1122
50,28,860,2,-1,0,-568
33,21,420,2,-1,0,1165
53,28,213,1,-1,0,-905
30,18,756,1,-1,0,0
38,7,259,3,-1,0,740
44,23,201,16,-1,0,8262
39,13,19,9,-1,0,14
45,18,53,1,172,3,7108
36,14,224,4,-1,0,1049
38,13,57,5,349,1,0
36,30,251,1,-1,0,419
30,16,39,1,342,3,726
28,18,54,3,-1,0,594
26,23,28,18,-1,0,454
54,12,104,1,99,2,2206
38,27,164,2,130,2,1988
32,7,268,2,-1,0,0
50,17,148,1,-1,0,202
43,7,228,3,-1,0,667
48,18,139,5,-1,0,112
57,18,89,3,-1,0,50
64,15,250,2,182,1,768
26,23,106,6,-1,0,74
33,18,968,1,-1,0,661
50,6,168,3,-1,0,3025
47,24,408,14,-1,0,751
39,23,56,4,-1,0,416
52,28,55,5,-1,0,14
31,29,76,4,-1,0,-502
50,11,72,5,-1,0,0
47,13,99,3,-1,0,599
30,27,13,15,-1,0,-218
32,14,178,1,-1,0,1012
36,9,287,1,-1,0,300
46,14,141,1,346,2,217
45,21,127,1,100,2,2096
37,4,69,2,-1,0,0
58,4,763,4,-1,0,5278
59,17,122,1,92,1,1831
28,18,143,1,-1,0,1480
48,2,316,3,-1,0,7289
55,30,89,2,-1,0,1665
37,15,151,1,352,1,851
41,19,40,1,-1,0,2885
35,4,5,1,808,12,137
34,18,90,1,-1,0,1239
43,21,50,1,113,5,146
59,15,159,2,378,3,1
50,10,369,6,-1,0,-10
37,22,344,2,182,8,480
35,4,256,2,94,1,2789
50,26,298,1,-1,0,3897
36,11,268,3,-1,0,487
41,13,231,1,-1,0,5110
28,27,4,4,-1,0,318
42,12,78,5,292,3,-411
60,5,419,1,-1,0,4820
28,13,421,3,-1,0,4937
48,10,105,1,-1,0,725
51,6,42,1,-1,0,5403
32,26,114,7,287,3,4089
35,26,286,2,-1,0,188
37,1,238,1,107,2,189
38,11,91,1,-1,0,2998
77,13,766,3,-1,0,610
32,28,92,1,-1,0,787
43,4,211,3,-1,0,167
36,7,160,2,360,3,243
29,3,166,3,-1,0,877
32,21,195,1,-1,0,2817
41,16,106,1,-1,0,4567
26,23,85,3,-1,0,127
34,24,78,1,-1,0,176
57,28,648,1,-1,0,0
36,18,177,2,174,1,1482
42,27,32,1,-1,0,3052
35,29,24,12,-1,0,56
52,7,688,2,-1,0,278
36,27,21,5,-1,0,3875
46,27,112,1,-1,0,-337
60,3,593,1,-1,0,366
57,7,59,2,-1,0,501
48,29,121,3,-1,0,998
59,28,97,2,-1,0,0
39,11,86,2,-1,0,246
44,14,10,10,-1,0,-182
27,23,205,3,-1,0,446
59,9,77,2,-1,0,1173
36,18,138,2,-1,0,5957
44,3,289,1,-1,0,205
50,4,86,4,-1,0,0
41,22,9,3,-1,0,369
47,14,225,1,364,1,1934
32,22,407,4,-1,0,259
38,3,1030,6,-1,0,284
55,13,123,2,-1,0,23
38,22,119,4,-1,0,1373
31,18,175,1,293,5,62
38,9,299,5,-1,0,157
29,5,563,1,-1,0,991
55,9,241,1,-1,0,186
35,4,52,4,91,1,977
40,2,76,3,-1,0,2893
34,19,441,1,-1,0,1897
32,22,319,1,182,1,5514
33,18,13,1,373,6,889
33,16,803,1,-1,0,273
37,12,396,2,-1,0,1193
58,18,188,1,-1,0,2729
36,20,637,1,-1,0,0
42,5,175,7,-1,0,230
34,6,945,1,139,1,2729
35,23,162,3,-1,0,317
60,12,1178,3,-1,0,517
50,8,506,2,170,3,-470
28,12,409,2,-1,0,4579
27,14,116,3,-1,0,1
37,30,244,1,-1,0,5106
31,4,352,4,-1,0,636
34,12,152,1,182,6,1076
38,21,164,2,-1,0,126
32,28,234,3,-1,0,-33
37,27,154,4,-1,0,430
33,7,566,2,-1,0,-6
71,27,327,2,183,3,383
27,7,265,3,-1,0,130
38,9,172,1,-1,0,2569
34,22,257,2,-1,0,201
54,13,618,1,-1,0,0
30,28,241,3,-1,0,6
35,21,936,4,-1,0,475
33,7,329,1,322,1,706
36,14,24,1,346,1,1825
59,22,177,5,138,1,185
72,13,120,1,-1,0,4415
64,22,135,3,-1,0,679
53,9,175,1,-1,0,320
35,25,179,1,-1,0,2988
58,30,58,1,-1,0,1407
40,17,342,2,-1,0,1270
41,13,139,2,-1,0,654
48,18,88,8,-1,0,5173
44,28,210,3,-1,0,3463
39,2,731,1,193,3,0
61,2,670,3,-1,0,6016
36,12,63,5,-1,0,177
28,8,70,2,-1,0,3694
58,4,72,6,274,4,1640
60,15,241,1,364,1,174
66,5,272,4,-1,0,10177
36,28,207,8,98,1,490
49,15,64,6,-1,0,2576
40,12,543,2,-1,0,0
23,30,166,1,-1,0,598
29,26,245,3,97,7,15459
44,9,94,1,-1,0,271
54,20,34,8,-1,0,2508
47,30,203,2,-1,0,320
33,24,318,1,-1,0,640
30,13,158,4,-1,0,1772
27,21,177,1,-1,0,15
49,17,56,1,103,2,2370
27,4,172,2,-1,0,201
51,7,136,1,359,1,160
32,18,82,3,363,2,5
30,16,123,1,-1,0,75
33,20,110,1,-1,0,4902
27,30,385,5,-1,0,-79
75,18,415,7,-1,0,1341
37,2,73,1,-1,0,490
36,16,243,2,-1,0,1521
37,9,137,2,-1,0,131
35,23,55,4,-1,0,8
32,20,18,5,-1,0,-632
32,16,255,2,-1,0,116
35,11,95,1,-1,0,189
31,10,112,1,-1,0,2
28,5,205,2,-1,0,4229
27,18,97,1,370,1,54
22,2,154,1,-1,0,549
35,13,135,2,370,2,298
69,14,230,1,-1,0,579
37,17,349,1,-1,0,1467
45,8,38,1,-1,0,0
47,22,268,1,-1,0,109
52,11,94,4,-1,0,-11
33,28,263,2,-1,0,90
60,18,671,4,-1,0,493
33,2,197,1,-1,0,1897
44,28,180,2,-1,0,2403
38,20,452,2,-1,0,868
54,15,352,1,-1,0,653
32,15,175,4,-1,0,0
33,19,163,2,-1,0,0
55,29,200,2,-1,0,218
51,16,75,7,-1,0,5050
48,16,227,1,-1,0,741
37,3,586,3,-1,0,1050
33,10,119,5,-1,0,-56
30,22,80,2,-1,0,1
43,12,112,2,330,3,-98
49,19,130,2,-1,0,4667
54,3,237,3,-1,0,541
31,26,377,8,-1,0,7744
54,7,335,1,-1,0,895
36,29,121,3,-1,0,-129
30,15,127,5,-1,0,0
27,1,650,2,-1,0,158
30,16,107,1,-1,0,122
30,20,610,2,-1,0,673
35,25,124,4,-1,0,0
33,8,216,1,-1,0,411
43,31,747,4,-1,0,-97
41,11,313,1,349,3,-217
41,23,252,9,185,5,5037
46,13,121,1,-1,0,2232
54,7,799,1,-1,0,-932
32,23,883,1,674,4,913
30,16,197,1,-1,0,236
40,11,271,2,-1,0,0
30,12,221,2,-1,0,2581
27,14,243,3,-1,0,639
41,15,72,1,-1,0,849
54,2,155,2,-1,0,386
32,28,70,2,-1,0,1218
31,11,280,4,-1,0,2603
42,26,115,2,-1,0,-921
48,20,29,2,-1,0,607
34,14,406,2,-1,0,79
55,25,113,3,-1,0,61
49,30,47,2,-1,0,1091
46,5,36,2,-1,0,743
47,6,135,2,-1,0,209
24,3,67,2,-1,0,172
58,16,684,1,-1,0,2
32,21,686,5,-1,0,41
25,2,170,3,-1,0,1116
49,17,150,3,-1,0,-55
59,14,1060,2,-1,0,5845
30,6,122,16,-1,0,329
46,26,724,1,-1,0,494
42,19,230,1,92,1,1519
37,20,187,2,-1,0,2685
44,19,179,4,-1,0,-14
49,4,357,3,-1,0,5673
41,5,82,1,-1,0,1459
48,26,176,15,-1,0,0
31,7,424,1,138,1,625
37,18,115,1,-1,0,0
51,3,177,2,211,3,867
80,9,712,1,64,12,8304
32,6,118,1,-1,0,151
48,2,25,7,-1,0,-583
49,12,753,1,-1,0,1784
30,17,124,1,-1,0,3134
27,30,208,2,-1,0,49
34,13,136,4,-1,0,-346
49,19,1081,2,-1,0,1623
48,7,376,2,339,7,60
40,4,78,1,-1,0,17
38,18,354,1,-1,0,2008
46,6,29,1,356,2,91
41,19,209,1,191,4,171
28,14,433,1,-1,0,1027
51,29,147,2,-1,0,5801
33,11,41,2,300,5,142
26,26,111,1,-1,0,205
34,14,108,2,-1,0,852
27,7,411,2,-1,0,-584
42,10,108,2,-1,0,97
45,3,224,2,-1,0,204
31,12,1083,2,-1,0,628
32,12,757,2,-1,0,311
39,17,57,1,-1,0,1564
26,30,95,5,-1,0,856
40,15,144,2,124,1,1509
52,16,135,1,-1,0,-888
40,15,176,2,-1,0,226
48,7,524,5,-1,0,127
31,13,65,1,-1,0,413
27,6,653,1,334,2,710
47,11,91,1,100,2,1233
28,10,93,1,-1,0,171
40,6,503,2,280,2,69
34,13,186,1,327,2,1499
29,23,121,2,-1,0,751
36,19,452,2,-1,0,61
83,22,883,1,140,1,425
55,15,104,2,-1,0,2923
43,29,24,3,-1,0,99
23,19,79,9,-1,0,1021
44,4,178,2,-1,0,1146
58,15,74,2,-1,0,781
29,10,217,1,184,7,1448
30,2,475,1,-1,0,604
29,7,127,1,-1,0,-194
41,11,101,1,-1,0,0
35,14,340,3,-1,0,0
31,23,158,4,-1,0,1014
27,29,242,1,-1,0,73
47,16,323,1,-1,0,2597
53,16,18,30,-1,0,2627
34,14,68,3,-1,0,1906
34,9,134,4,-1,0,-319
36,14,113,3,-1,0,-296
40,18,43,4,-1,0,169
37,17,200,2,-1,0,556
65,2,245,2,-1,0,300
53,16,343,4,-1,0,751
28,3,229,1,-1,0,126
33,23,530,1,-1,0,-386
56,13,58,5,-1,0,379
45,30,78,2,176,1,706
39,5,147,1,-1,0,9121
28,25,40,1,-1,0,1466
36,18,618,2,-1,0,0
41,20,23,4,-1,0,951
46,20,293,1,90,4,368
41,13,16,6,176,5,121
59,23,286,2,-1,0,204
24,6,209,1,321,1,299
34,21,935,1,-1,0,4170
40,27,260,1,-1,0,-335
42,16,298,4,-1,0,3165
50,15,397,2,337,1,254
25,17,113,4,479,1,553
51,17,76,1,-1,0,518
50,1,141,1,-1,0,85
37,23,773,2,-1,0,603
21,5,329,1,95,1,361
52,7,423,1,-1,0,-98
55,5,67,4,-1,0,4424
26,2,626,1,-1,0,2610
38,18,578,2,-1,0,3234
32,9,61,1,-1,0,687
31,23,248,4,-1,0,631
34,29,136,1,262,3,341
33,21,126,3,-1,0,316
35,28,653,3,-1,0,2
44,14,7,7,-1,0,415
48,9,528,1,-1,0,507
29,13,785,1,-1,0,912
50,9,243,5,-1,0,0
37,13,24,2,362,1,37
44,19,82,1,-1,0,2524
36,11,952,3,-1,0,9019
49,13,27,5,-1,0,39
31,5,143,1,-1,0,0
49,12,274,6,-1,0,265
35,16,1174,1,345,4,0
57,20,915,1,-1,0,4012
42,5,115,1,-1,0,1520
36,26,222,2,-1,0,-140
75,15,341,1,-1,0,852
38,21,112,2,-1,0,578
40,6,64,2,-1,0,0
38,13,937,3,-1,0,2253
34,10,129,1,-1,0,1171
29,11,59,1,-1,0,452
28,29,79,1,225,2,-97
79,9,151,5,-1,0,4738
51,19,83,1,-1,0,467
32,6,101,5,3,6,0
36,5,157,3,97,2,495
38,15,57,11,366,1,157
49,13,176,3,-1,0,358
42,11,222,3,-1,0,292
43,2,217,4,-1,0,7343
34,26,252,1,-1,0,-563
59,27,1063,5,-1,0,351
35,29,41,2,-1,0,365
33,20,27,25,-1,0,13494
34,17,758,2,-1,0,846
64,29,301,3,-1,0,1574
34,16,574,1,-1,0,-28
77,16,847,1,60,1,0
57,30,78,5,-1,0,2927
30,27,514,1,-1,0,501
56,5,1558,1,-1,0,1238
49,14,789,2,-1,0,301
73,20,146,3,190,3,1388
39,14,272,2,-1,0,102
57,8,323,2,368,2,13
32,11,712,2,-1,0,413
32,21,860,2,-1,0,4665
45,20,75,9,-1,0,638
32,19,191,4,-1,0,101
31,24,1441,2,-1,0,1224
49,12,428,2,-1,0,1103
29,28,322,3,-1,0,3748
55,29,104,1,-1,0,955
30,8,127,1,-1,0,518
45,3,1259,6,-1,0,1893
39,28,114,2,-1,0,14
36,13,106,1,-1,0,-423
33,19,305,1,182,3,3696
36,12,307,1,-1,0,2987
31,11,1504,2,-1,0,433
36,11,396,3,-1,0,756
38,1,71,1,-1,0,0
33,6,205,3,-1,0,2727
40,13,134,2,-1,0,93
31,5,166,2,-1,0,1766
39,31,81,5,-1,0,124
33,4,77,2,-1,0,69
53,12,80,2,-1,0,0
38,13,537,5,303,2,0
59,15,415,1,89,1,259
55,19,291,1,-1,0,4103
38,14,283,1,288,12,744
48,20,70,4,-1,0,116
53,5,611,2,-1,0,70
44,9,132,3,-1,0,432
57,18,26,1,-1,0,1172
29,11,262,3,-1,0,9
31,21,272,1,-1,0,428
35,28,137,1,122,3,7546
31,30,95,1,-1,0,620
35,19,140,2,-1,0,8647
40,16,71,11,-1,0,192
39,7,502,1,7,2,0
43,3,164,7,-1,0,27733
44,15,219,1,-1,0,276
29,12,328,2,183,4,113
40,14,224,2,-1,0,782
33,18,63,2,-1,0,82
46,29,24,13,-1,0,1008
27,28,147,4,-1,0,6421
26,30,84,3,-1,0,443
41,9,175,1,-1,0,351
34,21,12,21,-1,0,5060
39,25,40,15,-1,0,-41
27,18,217,1,-1,0,-124
31,23,235,11,-1,0,79
44,28,255,1,-1,0,3945
55,8,256,1,-1,0,197
51,30,41,2,-1,0,837
50,25,75,1,-1,0,-94
30,5,192,4,-1,0,1743
46,28,796,1,-1,0,57
49,25,220,3,-1,0,635
56,12,614,2,-1,0,-113
47,28,1126,4,-1,0,225
30,16,161,2,-1,0,124
36,25,141,3,-1,0,475
40,25,697,1,-1,0,-7
37,9,223,2,-1,0,375
42,30,931,1,-1,0,936
45,17,483,1,116,1,1415
34,17,63,2,-1,0,0
27,11,271,5,-1,0,3638
30,15,144,5,-1,0,-99
32,8,79,3,-1,0,167
46,21,171,1,-1,0,19
29,18,73,4,-1,0,242
53,28,69,1,-1,0,13
32,20,60,1,343,4,286
49,14,257,1,-1,0,769
35,4,198,2,88,1,93
38,13,217,3,327,1,1663
39,19,134,1,-1,0,238
34,26,41,1,-1,0,2178
42,19,611,2,175,12,792
35,6,216,3,-1,0,871
60,6,388,8,-1,0,1025
57,5,242,1,-1,0,63
31,7,387,1,-1,0,16
29,7,90,1,-1,0,417
41,20,281,2,-1,0,3992
46,17,332,1,-1,0,2749
33,4,218,1,-1,0,133
32,21,650,2,-1,0,1721
54,18,1034,1,-1,0,2171
37,8,182,2,169,2,4760
32,25,156,1,-1,0,2979
43,6,171,3,-1,0,690
50,19,265,1,127,4,203
34,20,10,3,-1,0,322
31,16,350,1,-1,0,1210
43,17,65,1,131,1,634
49,23,58,1,-1,0,273
22,3,69,3,-1,0,47
35,29,127,2,-1,0,1100
56,19,154,2,-1,0,0
53,31,36,4,-1,0,0
54,5,85,7,196,3,1544
32,14,362,1,287,13,6145
41,11,49,1,-1,0,28
40,6,410,1,-1,0,1012
33,8,253,3,-1,0,245
33,19,570,1,-1,0,1998
34,24,633,7,-1,0,3990
36,6,82,4,-1,0,1328
34,8,164,1,-1,0,412
55,9,175,3,-1,0,229
28,15,659,4,-1,0,1562
29,17,139,2,-1,0,3432
31,4,43,11,-1,0,144
52,22,343,5,-1,0,1339
54,19,74,1,152,1,386
43,15,302,8,-1,0,7727
55,14,455,13,-1,0,204
28,28,126,4,-1,0,101
45,18,107,1,-1,0,728
45,14,120,1,-1,0,2418
51,18,727,4,-1,0,2934
42,7,275,4,-1,0,0
43,28,41,1,-1,0,181
34,18,61,4,-1,0,176
36,15,232,2,365,5,49
37,10,214,1,-1,0,2023
50,11,21,1,-1,0,372
42,16,138,2,-1,0,7702
34,18,173,1,299,2,464
48,16,635,1,-1,0,117
47,14,77,2,-1,0,104
40,12,73,1,-1,0,1041
37,18,540,2,115,3,539
38,3,179,2,-1,0,0
29,17,119,1,-1,0,406
46,20,107,1,167,1,2558
26,19,48,2,-1,0,484
30,29,447,4,-1,0,3516
42,17,430,2,-1,0,5639
42,7,64,2,-1,0,100
31,28,217,5,-1,0,1306
37,7,77,1,-1,0,815
26,26,16,11,-1,0,245
54,4,753,2,-1,0,191
70,26,125,2,182,1,2815
29,28,1210,1,-1,0,3672
50,9,185,1,-1,0,1572
60,4,80,1,-1,0,385
32,19,156,2,-1,0,29
32,29,403,3,-1,0,84
34,17,145,2,-1,0,876
48,12,17,7,-1,0,1499
25,9,160,1,-1,0,0
32,18,486,2,181,2,6217
32,3,321,1,-1,0,329
47,9,203,4,-1,0,162
32,31,646,3,198,2,14533
49,8,97,3,-1,0,151
53,16,144,2,-1,0,-2
41,20,30,6,-1,0,4684
47,15,82,2,-1,0,1149
35,13,326,4,-1,0,11
33,19,414,3,-1,0,8004
49,16,285,5,-1,0,1019
46,11,716,3,-1,0,1297
29,28,449,4,-1,0,415
58,17,16,3,-1,0,671
40,2,65,1,-1,0,2378
34,18,138,1,-1,0,417
60,10,121,3,-1,0,71
43,27,140,2,-1,0,1188
50,18,256,6,-1,0,8139
33,31,61,4,-1,0,249
37,14,367,2,-1,0,689
55,14,9,5,174,12,203
45,15,395,4,-1,0,-183
47,21,125,2,-1,0,3451
58,16,580,3,-1,0,116
36,7,15,1,316,1,1746
55,30,119,2,-1,0,0
31,20,26,2,-1,0,897
38,17,224,2,180,1,821
42,29,285,1,-1,0,130
32,8,399,4,-1,0,1
39,30,88,3,-1,0,8
41,6,185,4,-1,0,55
59,28,98,1,154,6,699
42,28,97,1,169,3,759
33,14,72,2,370,1,687
53,6,109,1,87,2,4968
43,6,208,3,-1,0,1211
39,18,1029,1,-1,0,426
27,5,273,1,-1,0,376
39,23,130,1,-1,0,12
27,26,590,2,-1,0,23
33,19,107,2,-1,0,353
29,12,88,2,-1,0,330
33,13,305,2,-1,0,0
41,19,90,2,-1,0,353
38,17,222,1,-1,0,2273
30,9,127,1,-1,0,0
58,28,38,1,-1,0,744
37,14,380,3,-1,0,608
36,7,244,3,313,1,356
45,28,189,17,-1,0,1291
23,4,217,2,-1,0,-306
53,28,388,3,181,1,306
44,20,22,3,-1,0,-312
32,13,289,2,-1,0,493
32,21,221,8,-1,0,71
38,31,129,2,-1,0,669
47,4,147,2,264,4,556
34,23,299,1,-1,0,84
52,15,543,12,-1,0,108
45,5,247,1,-1,0,-11
50,8,166,2,-1,0,1164
52,15,755,1,-1,0,-191
37,27,336,2,-1,0,132
51,29,619,1,-1,0,2237
32,5,159,2,350,2,4761
33,23,29,3,-1,0,-346
28,4,606,2,-1,0,655
66,23,971,2,-1,0,1048
31,28,231,2,-1,0,0
35,7,163,1,-1,0,624
47,19,385,2,-1,0,1784
36,24,119,2,-1,0,1281
32,29,348,1,-1,0,569
34,31,30,1,-1,0,1666
40,7,249,2,169,1,168
33,4,119,2,-1,0,263
39,8,177,1,-1,0,-405
38,28,110,5,-1,0,279
32,18,594,4,-1,0,0
65,12,105,1,-1,0,300
34,12,123,1,-1,0,415
34,6,172,4,-1,0,0
42,8,178,1,-1,0,1322
31,6,230,1,-1,0,1062
47,20,89,3,-1,0,302
44,15,118,4,-1,0,809
38,28,143,2,-1,0,-278
28,19,7,1,-1,0,3238
46,13,104,2,-1,0,751
51,2,220,2,-1,0,-28
42,20,85,2,-1,0,0
37,16,91,3,-1,0,2442
58,5,19,8,-1,0,1798
43,19,574,1,84,3,132
36,7,49,1,-1,0,260
34,2,171,2,193,2,7
31,2,258,1,73,1,3283
49,18,41,2,-1,0,323
54,20,83,1,-1,0,2960
29,30,95,1,-1,0,486
51,30,78,2,-1,0,343
40,2,134,1,266,7,507
35,22,215,1,-1,0,5958
25,26,226,2,-1,0,304
32,17,1275,1,-1,0,118
30,17,66,1,85,5,123
38,7,196,3,-1,0,76
46,27,229,2,-1,0,70
43,15,241,2,-1,0,960
32,20,354,2,-1,0,2185
29,11,471,3,-1,0,309
56,30,90,2,232,1,2190
57,5,58,8,-1,0,0
38,21,379,2,-1,0,3732
51,20,12,5,-1,0,1550
35,30,67,1,-1,0,62
37,18,165,7,-1,0,704
48,8,1032,3,141,7,4415
30,23,84,3,-1,0,4
60,18,393,4,-1,0,262
56,19,808,1,-1,0,238
45,7,923,3,-1,0,97
38,11,63,6,-1,0,410
20,12,274,1,-1,0,1191
59,27,84,4,-1,0,-47
34,20,78,3,-1,0,197
36,20,41,7,-1,0,6
53,2,317,1,180,2,2398
51,5,138,1,-1,0,630
58,27,88,4,-1,0,235
48,29,413,2,-1,0,1910
56,5,139,1,-1,0,3172
51,8,82,2,-1,0,872
35,20,12,6,-1,0,407
40,11,221,1,461,1,100
59,9,38,1,-1,0,345
44,21,661,1,-1,0,2058
49,7,388,1,-1,0,889
35,28,151,7,-1,0,0
41,25,140,8,-1,0,51
55,8,124,1,-1,0,150
51,7,200,1,-1,0,34
27,6,101,3,-1,0,795
57,7,261,12,-1,0,282
51,17,176,2,-1,0,2139
38,16,209,12,-1,0,-469
49,13,223,1,182,2,197
40,20,38,1,335,1,825
47,6,541,1,204,3,3232
48,29,84,1,-1,0,1598
47,22,602,9,-1,0,871
56,27,26,11,-1,0,83
29,26,328,2,143,2,1445
38,30,762,3,-1,0,226
32,26,107,4,-1,0,-55
42,14,46,5,-1,0,243
30,10,128,6,-1,0,-336
26,29,360,5,-1,0,3672
35,9,524,1,96,5,0
35,1,128,3,-1,0,251
35,7,310,2,96,2,44
57,21,819,10,-1,0,2887
29,8,202,1,87,2,1992
32,9,144,2,-1,0,2
45,24,311,1,-1,0,1415
51,15,415,4,375,1,297
31,12,93,8,-1,0,1094
50,6,101,1,-1,0,-84
38,7,72,1,-1,0,-1
37,22,282,1,-1,0,347
35,19,210,2,-1,0,1253
37,4,369,1,-1,0,4565
28,9,125,6,-1,0,781
38,16,301,6,-1,0,7124
43,26,14,14,-1,0,17555
43,29,57,3,-1,0,5172
56,18,420,1,-1,0,15520
32,14,638,1,175,3,13711
58,15,137,2,-1,0,1533
47,22,557,7,-1,0,286
31,30,66,2,-1,0,-219
38,20,206,1,-1,0,0
50,14,19,14,-1,0,810
32,6,166,2,-1,0,300
37,15,102,1,333,2,1175
39,2,46,2,-1,0,0
40,4,126,1,-1,0,113
41,13,161,1,-1,0,641
45,8,355,1,-1,0,1477
31,14,40,2,-1,0,0
54,14,143,1,-1,0,8
39,14,133,2,-1,0,399
56,9,185,2,-1,0,-435
35,20,22,12,-1,0,2830
34,25,184,7,-1,0,15
31,22,78,2,-1,0,125
38,22,125,4,-1,0,45
41,5,189,2,-1,0,13
44,9,300,1,-1,0,0
49,28,396,1,-1,0,579
30,20,340,3,-1,0,432
31,20,55,2,-1,0,1987
34,22,238,6,-1,0,857
70,5,172,3,186,1,15834
45,12,36,3,-1,0,3370
31,20,303,2,-1,0,6290
57,14,417,3,-1,0,808
40,16,162,3,-1,0,4075
28,14,10,9,344,1,373
44,10,99,1,-1,0,-101
49,16,32,3,-1,0,3250
46,17,308,3,-1,0,1375
34,16,298,3,-1,0,180
58,12,92,4,-1,0,175
52,25,288,12,-1,0,381
27,16,130,1,323,1,2171
48,28,255,2,-1,0,340
33,18,167,5,-1,0,10
46,17,64,3,150,5,4958
51,4,166,2,-1,0,21244
31,13,657,7,-1,0,156
35,26,434,4,-1,0,473
37,20,75,1,-1,0,781
60,23,40,1,-1,0,0
40,5,398,2,-1,0,1819
50,21,163,2,113,3,4374
34,28,137,8,-1,0,456
32,4,257,3,-1,0,253
36,3,231,2,259,1,774
32,4,192,1,-1,0,-59
40,23,186,1,-1,0,-81
37,6,226,1,363,3,0
57,21,67,1,-1,0,0
46,28,205,2,-1,0,-3
31,20,14,1,-1,0,2488
39,6,488,1,-1,0,3
35,23,50,3,-1,0,839
32,23,312,1,-1,0,103
44,21,163,3,-1,0,316
41,2,76,2,-1,0,1680
59,5,150,1,-1,0,7179
39,17,244,2,-1,0,247
54,5,207,1,-1,0,8295
27,18,113,1,-1,0,261
51,23,1309,4,-1,0,95
33,25,72,6,-1,0,291
38,19,551,1,183,1,2240
52,19,163,3,-1,0,0
54,21,179,10,-1,0,1295
33,13,217,2,-1,0,324
50,2,88,1,-1,0,669
39,2,21,1,-1,0,4143
34,14,142,1,-1,0,2646
41,5,1056,1,-1,0,618
48,14,72,1,363,2,541
38,20,411,1,-1,0,434
34,21,145,1,-1,0,622
32,8,80,2,-1,0,0
48,28,344,1,-1,0,99
28,18,128,1,-1,0,290
47,30,412,1,169,1,1230
32,14,908,3,344,7,45
32,17,819,4,-1,0,923
38,5,210,2,-1,0,950
86,18,165,3,101,1,1503
47,28,118,8,-1,0,65
42,6,159,1,343,2,-679
44,9,618,1,-1,0,773
25,23,102,2,210,2,10788
34,6,89,1,344,1,991
34,8,401,2,-1,0,247
53,15,200,3,-1,0,4143
42,30,152,5,-1,0,-406
30,14,203,1,183,2,180
26,18,827,2,-1,0,-887
40,15,735,1,-1,0,4157
34,28,185,6,-1,0,1386
34,8,149,1,-1,0,2211
40,29,303,2,-1,0,-495
36,3,71,2,-1,0,27359
34,6,445,2,345,2,440
32,18,232,2,-1,0,135
39,30,144,5,248,2,-735
36,19,209,2,-1,0,60
39,10,691,2,180,5,902
33,23,415,1,-1,0,18347
34,7,273,5,-1,0,-72
42,8,376,2,-1,0,1205
46,31,37,10,-1,0,499
32,20,148,2,-1,0,656
27,16,57,2,-1,0,100
35,8,461,3,-1,0,69
53,17,198,6,-1,0,619
29,30,327,4,-1,0,192
35,29,669,6,-1,0,0
49,29,165,1,-1,0,87
58,19,58,2,-1,0,3228
40,29,1473,1,-1,0,1361
19,11,123,3,-1,0,0
30,6,289,1,-1,0,34
34,25,239,5,-1,0,318
60,7,1386,1,-1,0,197
28,28,294,2,105,7,0
46,18,910,2,184,4,273
49,27,550,7,-1,0,15
59,21,75,1,-1,0,7813
44,14,100,3,-1,0,-27
33,21,204,4,-1,0,75
54,14,155,1,177,7,1139
26,4,46,3,-1,0,115
54,16,1366,1,150,1,0
48,21,609,2,-1,0,7195
30,21,1532,2,-1,0,-477
29,12,226,1,92,1,1026
51,5,168,1,-1,0,3921
53,3,352,1,-1,0,980
43,30,335,6,-1,0,-179
34,25,74,1,-1,0,2552
40,12,85,1,-1,0,1729
43,5,117,1,-1,0,434
33,25,184,1,-1,0,-300
66,13,72,3,-1,0,4785
44,7,171,1,-1,0,-329
33,22,44,8,-1,0,0
31,13,336,2,-1,0,391
71,16,93,5,-1,0,4657
22,20,332,1,183,3,3472
46,4,398,1,-1,0,705
32,21,86,2,-1,0,255
45,9,45,2,-1,0,4365
32,28,110,2,-1,0,350
49,9,152,3,221,1,474
27,30,356,4,-1,0,489
46,16,382,3,-1,0,757
37,28,233,1,-1,0,695
30,28,87,1,-1,0,-770
44,14,387,2,-1,0,80
45,30,103,1,-1,0,315
27,27,378,1,-1,0,213
57,9,257,2,-1,0,0
66,7,282,1,-1,0,2169
40,7,176,1,-1,0,212
48,14,24,6,-1,0,333
33,20,766,3,-1,0,4404
42,12,955,2,-1,0,257
47,3,426,3,-1,0,3188
27,29,244,2,-1,0,3083
78,6,136,1,-1,0,226
50,18,172,1,-1,0,1260
46,19,93,1,189,8,1410
41,15,300,6,182,2,6046
36,11,118,4,104,7,980
49,4,191,2,-1,0,-37
46,27,107,2,-1,0,-154
77,24,513,2,89,7,680
30,6,91,18,-1,0,799
43,18,76,4,-1,0,-1164
44,29,1236,2,-1,0,2523
40,2,193,5,-1,0,98
38,20,324,5,-1,0,3419
25,1,377,1,-1,0,343
49,20,408,1,-1,0,852
33,7,246,2,-1,0,50
40,26,58,7,-1,0,0
44,17,196,1,-1,0,10
32,20,219,4,-1,0,950
52,9,197,1,-1,0,0
35,7,257,2,-1,0,175
35,29,381,1,247,2,-259
32,21,486,2,-1,0,6217
42,28,162,1,-1,0,-1310
59,5,153,1,-1,0,139
44,8,809,2,-1,0,7138
50,17,50,1,-1,0,1111
27,22,39,17,-1,0,113
55,26,131,2,-1,0,-612
54,28,526,4,258,3,310
31,26,172,3,-1,0,-186
56,8,405,1,305,1,2038
51,31,77,3,-1,0,833
61,19,158,2,-1,0,625
34,7,146,2,171,3,105
56,29,27,1,-1,0,551
29,14,105,1,-1,0,145
34,3,119,4,-1,0,618
35,16,327,1,-1,0,1063
56,18,150,2,-1,0,985
45,19,482,3,120,2,2926
31,28,81,2,-1,0,-449
37,18,1164,2,-1,0,66
43,17,674,3,-1,0,0
40,10,347,1,-1,0,419
44,22,712,6,-1,0,4758
38,20,48,2,-1,0,-23
58,17,279,1,-1,0,1573
24,16,236,2,-1,0,77
53,18,91,2,-1,0,1378
36,18,15,8,-1,0,-73
28,6,161,1,337,1,60
45,16,187,19,-1,0,137
32,19,100,1,182,1,1583
46,8,214,4,-1,0,-121
28,17,406,1,317,1,1065
51,13,361,1,364,1,-13
51,17,30,3,-1,0,1869
30,4,99,2,-1,0,4787
39,14,202,2,-1,0,-183
28,26,318,2,-1,0,702
31,13,275,12,-1,0,1494
31,12,59,4,-1,0,0
38,29,70,4,-1,0,46
31,14,1126,1,335,1,609
74,19,343,3,-1,0,4079
40,23,228,2,182,6,0
43,11,209,2,-1,0,7876
34,13,709,1,-1,0,925
54,11,275,2,-1,0,7010
51,12,51,2,342,3,42
33,3,267,1,-1,0,285
41,20,95,1,-1,0,0
33,28,246,2,-1,0,3170
48,7,46,1,-1,0,8
42,8,144,3,-1,0,216
35,8,249,2,-1,0,2975
25,28,328,1,-1,0,894
38,25,17,1,-1,0,490
45,14,126,3,-1,0,245
59,31,52,8,-1,0,0
47,9,52,1,-1,0,150
33,16,285,5,-1,0,4
59,25,500,4,358,2,1727
41,15,955,5,-1,0,664
42,7,216,5,-1,0,473
51,28,84,7,-1,0,0
45,6,138,3,-1,0,-192
30,21,436,2,178,3,1942
33,6,123,1,-1,0,5137
43,18,36,4,-1,0,13044
37,16,405,3,-1,0,1053
73,15,103,1,-1,0,154
43,30,175,1,-1,0,625
52,10,374,3,-1,0,255
44,4,129,4,-1,0,529
56,9,246,3,-1,0,318
21,29,107,2,-1,0,1903
43,19,385,1,-1,0,1937
54,20,104,3,-1,0,3859
59,14,309,1,91,10,4198
52,6,198,2,170,2,230
31,26,543,2,-1,0,747
53,18,143,7,-1,0,263
24,19,23,1,-1,0,-46
57,30,104,2,-1,0,0
48,2,378,2,386,1,568
57,17,364,1,-1,0,1469
51,25,363,6,-1,0,18
50,24,248,1,-1,0,201
34,27,157,2,-1,0,1412
43,26,402,2,-1,0,-93
31,23,203,5,-1,0,-331
29,6,422,1,363,1,486
39,21,44,1,-1,0,694
36,30,358,4,-1,0,2806
38,6,39,2,-1,0,0
56,18,325,1,-1,0,2959
41,18,238,3,126,4,22
47,30,968,1,87,5,1167
38,17,156,1,273,3,35
80,6,681,1,118,11,8304
37,20,187,2,-1,0,4760
44,15,104,10,-1,0,-1313
33,6,860,2,-1,0,697
53,13,112,2,-1,0,230
69,7,112,1,78,1,473
46,14,32,3,-1,0,1427
30,17,325,2,-1,0,201
31,20,410,1,-1,0,1086
38,20,640,1,-1,0,4335
34,9,118,1,-1,0,44
48,30,166,2,-1,0,286
46,2,173,1,-1,0,216
42,28,21,24,-1,0,214
41,14,89,7,-1,0,343
33,28,151,3,-1,0,-77
39,19,112,4,-1,0,1046
27,30,164,5,-1,0,1566
26,29,145,2,164,1,592
38,6,606,3,-1,0,104
48,26,105,1,-1,0,0
54,9,85,1,-1,0,-22
51,18,439,3,-1,0,0
47,29,278,1,-1,0,72
53,13,205,4,-1,0,100
35,16,221,1,-1,0,319
58,18,52,3,172,3,9339
52,12,84,3,-1,0,50
57,15,476,3,-1,0,32
52,20,371,1,-1,0,6922
35,17,128,3,-1,0,633
48,13,220,2,-1,0,4265
46,14,44,14,-1,0,2262
39,8,30,1,404,2,1970
38,7,330,1,342,1,1513
34,30,28,1,-1,0,4659
47,12,908,1,-1,0,668
35,16,177,1,-1,0,649
46,9,113,4,-1,0,452
27,15,289,8,-1,0,-145
31,21,357,1,-1,0,-498
31,28,38,16,-1,0,0
46,7,414,4,-1,0,22
31,20,257,2,-1,0,2304
33,19,480,1,-1,0,1412
42,20,252,2,-1,0,145
33,20,151,1,-1,0,4897
40,6,213,4,-1,0,1832
51,27,119,12,-1,0,3726
31,21,161,2,-1,0,591
62,13,227,2,-1,0,0
24,18,12,3,374,1,508
48,14,517,1,282,4,817
41,7,225,2,275,2,348
43,9,150,2,-1,0,291
52,8,89,1,-1,0,3554
54,9,103,2,-1,0,781
32,26,128,1,-1,0,267
38,20,277,1,-1,0,1327
41,15,500,1,-1,0,-306
31,14,113,2,-1,0,864
35,15,326,5,179,4,1265
26,27,755,1,-1,0,0
52,29,161,3,-1,0,214
58,17,100,1,-1,0,425
57,4,142,2,-1,0,3
34,8,214,2,-1,0,0
59,18,167,2,-1,0,0
27,9,676,5,-1,0,282
42,9,236,1,-1,0,0
47,12,993,6,-1,0,3727
33,28,83,12,-1,0,0
31,6,100,1,-1,0,864
37,2,289,2,174,4,4089
29,8,528,2,-1,0,-478
38,12,340,2,-1,0,-363
35,21,33,3,-1,0,8883
31,17,284,3,-1,0,1970
62,6,245,3,-1,0,1859
32,17,115,1,-1,0,1059
31,5,730,2,-1,0,388
51,11,347,1,284,2,602
29,17,58,1,-1,0,0
43,17,180,1,-1,0,255
36,2,56,8,-1,0,63
34,2,326,3,-1,0,712
29,21,342,9,-1,0,57
57,2,49,6,-1,0,523
43,12,110,1,-1,0,422
33,12,253,1,92,4,386
60,14,636,2,-1,0,3387
51,19,137,2,-1,0,260
40,7,173,1,-1,0,-1
51,18,227,2,-1,0,1490
38,19,88,5,-1,0,497
35,2,426,3,-1,0,1707
47,18,195,3,112,8,826
45,18,230,8,-1,0,907
40,12,750,2,-1,0,1836
29,30,413,3,-1,0,404
52,4,104,2,-1,0,907
26,5,138,1,-1,0,18
31,29,334,2,-1,0,-495
55,30,868,1,-1,0,1210
35,14,102,14,-1,0,819
56,28,77,3,-1,0,442
28,1,199,1,92,14,-46
27,7,332,2,-1,0,671
30,7,124,2,-1,0,371
51,25,91,9,-1,0,-3
33,4,104,3,-1,0,11
32,18,125,1,368,4,33
43,18,635,3,-1,0,104
46,15,90,1,-1,0,174
32,25,310,1,-1,0,3107
40,6,207,1,351,2,1438
39,12,43,1,-1,0,1367
51,16,126,4,-1,0,-11
46,25,137,1,97,1,1693
43,15,284,5,-1,0,778
36,28,68,6,-1,0,837
48,18,67,1,-1,0,363
26,18,8,2,-1,0,236
39,11,62,1,-1,0,0
47,7,175,1,-1,0,-50
23,13,395,2,-1,0,4
54,11,27,1,84,3,26306
38,6,195,1,-1,0,46
33,4,254,2,-1,0,575
35,8,199,1,-1,0,148
52,26,73,17,-1,0,431
25,14,351,1,-1,0,777
29,7,1689,4,-1,0,199
35,21,267,1,-1,0,3552
49,5,234,2,-1,0,47
41,26,234,10,-1,0,3823
32,20,94,4,-1,0,138
29,8,77,2,-1,0,1117
28,15,242,1,-1,0,1325
59,18,247,4,-1,0,0
34,9,85,4,-1,0,4343
55,22,607,4,-1,0,1598
34,17,485,2,227,4,3301
24,27,184,1,91,2,822
42,26,258,1,-1,0,-280
34,16,156,1,147,7,1534
34,21,160,1,-1,0,1671
51,16,1021,1,-1,0,2007
58,31,5,25,-1,0,0
44,27,701,1,-1,0,2776
33,18,732,2,291,5,139
34,10,122,1,-1,0,573
34,7,559,1,-1,0,475
42,8,141,1,-1,0,47
46,21,87,4,-1,0,2154
31,5,577,1,-1,0,96
39,11,193,2,-1,0,83
34,28,210,5,-1,0,6766
47,6,732,2,-1,0,3973
42,6,121,2,-1,0,372
48,21,150,2,-1,0,-552
30,21,140,1,-1,0,48
38,20,386,2,-1,0,7696
24,11,733,2,-1,0,4500
34,19,108,1,-1,0,1
46,17,80,1,152,1,46
32,12,155,3,-1,0,-18
46,13,389,4,-1,0,451
26,9,133,3,-1,0,479
42,21,328,6,-1,0,0
50,23,119,2,-1,0,1130
41,16,87,6,-1,0,389
34,18,162,1,173,3,10
32,15,294,2,-1,0,401
58,16,128,2,-1,0,145
45,6,108,1,-1,0,115
28,6,172,2,-1,0,89
35,14,208,5,-1,0,94
39,20,212,2,-1,0,1438
49,8,148,1,871,2,780
50,4,99,1,-1,0,207
37,3,185,1,92,1,238
45,6,133,2,-1,0,2433
30,6,170,1,-1,0,1924
48,19,668,7,-1,0,-471
36,8,81,3,170,1,1531
41,12,230,2,-1,0,764
55,5,287,1,-1,0,383
70,16,618,1,-1,0,3782
41,5,788,1,-1,0,326
47,6,285,6,-1,0,691
34,21,163,2,-1,0,0
33,8,159,1,-1,0,99
58,12,197,2,370,3,502
51,25,212,2,-1,0,-15
45,29,44,15,-1,0,1929
55,23,180,2,238,3,0
30,26,11,1,-1,0,185
33,26,863,1,-1,0,-424
27,7,388,7,-1,0,0
59,5,143,3,-1,0,319
34,7,191,1,294,1,171
47,27,62,2,-1,0,-1148
44,9,13,1,-1,0,-11
35,13,1073,1,-1,0,0
45,6,337,2,-1,0,-206
42,31,88,10,-1,0,704
38,2,167,1,298,10,1931
34,29,96,4,-1,0,943
35,13,537,3,-1,0,327
29,27,5,3,-1,0,-105
58,5,139,1,-1,0,983
44,30,570,2,-1,0,787
45,29,100,3,-1,0,0
43,15,253,2,-1,0,3060
44,1,525,2,-1,0,5780
30,20,696,3,-1,0,790
38,26,535,6,-1,0,1449
50,6,131,3,-1,0,1412
21,20,6,1,-1,0,681
38,5,105,1,-1,0,228
42,19,370,1,-1,0,0
45,29,29,14,-1,0,2087
34,5,184,1,167,6,2
48,3,47,2,222,3,197
34,2,193,4,-1,0,0
32,16,709,2,-1,0,1905
35,6,358,2,-1,0,118
39,20,253,1,-1,0,2644
36,6,197,3,-1,0,16430
35,22,94,2,-1,0,13
57,22,445,2,-1,0,14
28,15,153,1,371,2,769
43,18,113,1,-1,0,3485
57,17,80,1,-1,0,139
34,15,318,1,-1,0,202
36,27,100,1,435,1,6
47,20,40,3,-1,0,2515
36,2,55,25,-1,0,5195
33,20,67,1,-1,0,2098
57,7,76,2,-1,0,320
57,16,73,1,-1,0,3431
34,20,89,2,-1,0,50
51,19,109,3,-1,0,370
54,9,98,1,-1,0,-182
52,5,21,17,-1,0,1623
43,18,465,1,-1,0,13342
58,21,106,3,-1,0,6570
53,20,304,1,340,1,225
44,30,342,3,-1,0,-665
29,16,16,25,-1,0,0
27,28,543,2,-1,0,54
35,8,338,3,-1,0,46
40,22,197,5,-1,0,2
34,8,956,2,-1,0,103
38,12,95,1,327,9,883
32,15,546,9,-1,0,55
41,30,124,4,-1,0,8238
25,7,113,4,-1,0,913
38,7,245,3,-1,0,595
26,22,188,2,-1,0,7
37,19,199,5,-1,0,1661
30,5,470,7,426,3,102
36,14,90,1,-1,0,338
33,23,350,5,-1,0,3132
33,7,31,1,363,2,490
35,9,156,1,-1,0,2682
24,27,299,1,-1,0,0
29,30,510,2,-1,0,596
54,25,177,4,-1,0,2059
27,13,123,2,-1,0,132
34,2,270,1,-1,0,0
39,16,225,4,-1,0,385
38,28,63,1,-1,0,223
37,3,247,13,-1,0,0
26,30,206,5,239,3,512
36,6,168,2,-1,0,1169
35,21,836,12,-1,0,71
30,8,131,2,-1,0,940
25,3,89,1,-1,0,-80
34,29,116,4,-1,0,0
52,12,58,1,-1,0,1317
39,6,36,1,-1,0,179
34,21,240,2,-1,0,1007
34,22,132,4,-1,0,0
30,17,544,1,-1,0,1286
33,8,266,1,-1,0,804
30,4,443,2,-1,0,4
51,10,324,1,-1,0,0
36,6,15,10,207,3,417
48,28,263,2,-1,0,1678
37,11,199,1,-1,0,532
58,29,145,2,-1,0,407
56,2,56,1,-1,0,659
34,5,11,9,-1,0,393
33,18,411,1,173,2,661
26,29,165,23,-1,0,0
40,12,619,3,-1,0,838
35,17,203,1,-1,0,195
45,7,254,1,-1,0,68
37,13,1149,6,-1,0,-242
35,9,189,1,-1,0,321
43,12,707,2,97,2,3403
28,15,196,1,-1,0,8
32,9,171,1,-1,0,739
26,28,1451,2,-1,0,622
35,2,563,1,-1,0,152
35,11,239,4,-1,0,2
39,28,73,6,-1,0,1439
42,6,203,2,334,2,1491
32,6,158,1,167,1,6402
30,9,100,4,-1,0,1210
26,8,160,1,-1,0,122
30,19,661,1,-1,0,0
32,14,166,1,-1,0,62
47,29,114,2,-1,0,3333
33,29,58,1,-1,0,16992
57,31,25,8,-1,0,23
35,7,121,2,-1,0,0
53,16,226,4,-1,0,6072
24,16,234,2,-1,0,366
54,10,88,1,-1,0,0
31,21,85,1,-1,0,1343
41,18,134,1,-1,0,2105
44,4,251,3,-1,0,2319
35,14,152,1,-1,0,35
30,13,202,1,83,5,877
43,30,379,17,-1,0,30
51,28,123,6,-1,0,-2082
60,30,156,2,-1,0,89
43,17,332,1,-1,0,104
31,14,90,3,-1,0,1750
56,20,291,1,-1,0,772
42,6,23,2,-1,0,1048
52,21,122,2,-1,0,592
40,26,105,2,172,1,0
36,11,1143,4,-1,0,3064
40,26,70,3,-1,0,33
46,8,264,2,-1,0,0
32,27,204,2,-1,0,1649
31,19,182,1,-1,0,287
41,17,386,2,-1,0,0
58,5,295,3,-1,0,419
36,12,86,2,-1,0,257
52,28,16,20,-1,0,118
42,20,413,2,-1,0,251
32,29,323,3,-1,0,1731
62,13,78,3,-1,0,0
31,25,121,3,-1,0,23
41,20,477,1,-1,0,-386
34,19,265,1,-1,0,5498
44,27,418,2,-1,0,5063
42,28,386,4,-1,0,7041
37,19,594,2,-1,0,654
47,8,161,1,-1,0,1890
32,5,450,3,-1,0,2400
46,25,217,6,-1,0,519
39,8,136,1,-1,0,1190
28,9,322,1,-1,0,229
26,16,104,1,196,1,203
52,17,189,2,111,4,1818
42,15,250,4,415,2,1289
33,19,123,5,-1,0,39
73,23,427,1,182,2,796
35,8,632,2,-1,0,57
40,13,101,3,-1,0,1548
51,24,467,2,88,4,117
37,16,640,2,-1,0,0
39,16,517,1,255,1,691
28,13,160,3,-1,0,64
49,12,177,3,-1,0,0
36,21,206,1,-1,0,957
45,7,208,2,-1,0,118
29,12,169,1,-1,0,218
35,14,287,2,415,1,724
35,17,505,3,-1,0,20
30,18,284,2,371,1,-28
46,30,89,4,235,2,665
25,29,138,1,-1,0,5
36,14,321,3,189,4,925
42,15,262,4,-1,0,2519
57,13,61,1,-1,0,3927
42,24,217,9,-1,0,401
29,14,192,2,-1,0,581
36,29,174,2,-1,0,1327
31,25,292,2,-1,0,3242
59,29,240,2,-1,0,3163
50,4,282,2,-1,0,32
47,14,128,6,-1,0,310
46,2,161,1,-1,0,0
26,29,291,1,244,4,155
31,20,356,1,-1,0,11386
30,21,294,2,-1,0,1380
47,18,422,1,-1,0,2443
23,28,806,1,-1,0,1129
44,16,227,1,-1,0,4232
42,17,560,2,-1,0,5564
32,17,135,1,-1,0,-402
28,3,361,1,-1,0,1323
57,18,246,1,-1,0,1623
38,4,419,2,-1,0,1042
22,8,449,2,38,10,2488
54,17,71,1,-1,0,865
32,21,357,3,-1,0,-1053
32,18,164,2,179,3,1667
59,15,263,4,-1,0,975
45,18,146,2,-1,0,2571
53,27,759,2,-1,0,732
50,28,72,2,363,4,769
34,12,131,2,-1,0,-136
35,21,808,2,-1,0,3636
30,17,1183,1,-1,0,931
62,4,123,3,-1,0,565
40,29,483,2,-1,0,271
26,4,238,3,-1,0,1153
34,11,90,1,-1,0,-73
50,9,464,1,683,6,558
31,22,385,9,-1,0,137
35,23,240,2,-1,0,700
55,14,104,1,-1,0,-966
34,29,109,2,-1,0,96
58,30,598,4,-1,0,4007
50,16,274,8,-1,0,567
31,7,123,2,-1,0,40
47,23,70,1,-1,0,136
38,23,260,1,-1,0,917
46,29,190,3,-1,0,593
42,14,521,2,-1,0,505
34,14,228,1,-1,0,2542
37,17,466,4,-1,0,5355
38,27,74,2,-1,0,807
59,29,57,2,-1,0,9976
32,30,119,3,-1,0,0
55,19,124,2,-1,0,540
35,31,65,50,-1,0,280
56,28,127,6,-1,0,-59
27,14,172,3,-1,0,-517
42,30,174,6,-1,0,2613
42,31,41,6,-1,0,-7
41,30,232,3,-1,0,0
53,6,161,1,-1,0,-200
67,16,124,1,-1,0,2301
53,5,701,1,-1,0,104
33,9,162,2,-1,0,191
31,6,431,2,-1,0,694
31,18,191,3,-1,0,212
30,11,249,5,-1,0,1882
48,6,189,1,-1,0,131
30,25,167,4,-1,0,175
43,29,73,4,-1,0,0
38,30,162,1,-1,0,4425
46,12,235,2,-1,0,3533
59,15,44,1,-1,0,3573
44,26,127,2,-1,0,476
35,20,93,3,329,7,1257
55,30,143,1,2,3,23
39,16,81,2,-1,0,0
36,17,77,2,-1,0,398
33,23,115,4,-1,0,745
48,17,125,1,111,3,8106
33,19,53,4,-1,0,0
67,4,77,2,-1,0,696
48,3,45,1,-1,0,1266
57,11,74,2,-1,0,2416
31,21,169,5,-1,0,25
30,11,269,2,-1,0,7513
56,29,52,2,227,1,29
26,22,246,3,-1,0,5116
44,20,218,1,-1,0,-1746
44,13,167,1,92,1,14
31,21,316,3,99,9,4148
47,15,142,1,-1,0,14
30,21,75,1,-1,0,105
37,2,204,1,-1,0,767
56,10,542,1,-1,0,0
43,16,122,2,-1,0,-228
42,30,70,1,-1,0,508
60,8,266,1,-1,0,725
34,6,34,9,-1,0,41
34,22,203,4,-1,0,184
41,6,85,3,-1,0,251
38,21,11,4,-1,0,-17
23,20,13,10,-1,0,-19
33,13,562,1,-1,0,1064
36,6,185,3,-1,0,777
49,22,158,1,59,2,377
34,12,515,1,350,5,479
40,13,60,5,-1,0,-375
72,24,173,2,-1,0,796
43,16,353,4,-1,0,17
44,11,143,3,357,1,1071
35,20,18,5,-1,0,0
46,18,466,1,-1,0,7378
55,17,85,1,151,1,865
50,24,148,1,-1,0,-701
23,18,123,1,-1,0,817
34,30,121,1,-1,0,1387
40,29,245,3,-1,0,0
61,6,215,1,-1,0,2917
53,15,190,6,-1,0,4541
57,13,44,1,-1,0,0
28,30,171,1,-1,0,4287
25,30,62,12,-1,0,242
38,20,172,1,-1,0,171
27,23,78,10,-1,0,259
45,15,319,5,-1,0,827
31,2,111,1,-1,0,469
39,6,158,1,-1,0,2226
42,29,82,12,-1,0,0
46,20,128,6,-1,0,477
36,8,102,4,-1,0,42
30,16,124,2,-1,0,775
32,17,334,2,-1,0,9
52,28,134,5,204,2,2557
31,27,218,1,-1,0,2395
60,9,313,1,-1,0,4895
35,6,207,3,-1,0,376
38,6,262,1,-1,0,389
46,19,134,2,-1,0,134
45,11,197,3,-1,0,1273
59,12,214,3,-1,0,0
34,30,1165,7,-1,0,2892
33,7,177,2,-1,0,0
46,23,141,6,-1,0,295
48,29,164,6,-1,0,292
31,16,151,1,-1,0,85
32,4,145,2,260,4,4
35,26,111,1,-1,0,-587
36,2,217,1,221,1,367
52,7,253,4,-1,0,-1224
45,18,74,1,-1,0,959
34,20,263,2,-1,0,0
25,3,233,1,-1,0,-589
26,13,402,2,-1,0,-8
57,30,585,1,-1,0,0
48,14,145,1,-1,0,247
48,16,143,5,-1,0,5543
32,8,524,1,-1,0,642
58,11,270,1,-1,0,11
57,4,272,1,-1,0,-226
31,20,187,2,-1,0,5191
33,18,268,2,-1,0,-320
53,17,183,1,-1,0,2289
36,27,123,3,99,8,725
32,20,20,4,-1,0,705
45,6,232,4,253,1,776
35,19,547,7,-1,0,816
41,21,71,9,-1,0,171
54,31,113,6,-1,0,812
49,8,780,4,-1,0,823
28,12,246,1,343,1,1453
24,3,108,12,-1,0,431
30,29,253,1,-1,0,1009
32,6,175,1,-1,0,286
53,15,106,1,-1,0,22370
42,7,86,2,-1,0,2111
48,21,248,3,-1,0,5366
33,28,265,2,-1,0,181
31,26,182,5,-1,0,-452
56,5,916,3,-1,0,1770
58,4,506,1,-1,0,0
37,20,81,1,-1,0,-296
59,17,30,1,-1,0,2358
50,14,904,3,-1,0,1200
39,6,699,3,-1,0,109
30,6,19,1,-1,0,616
47,14,389,1,-1,0,4906
44,6,211,4,-1,0,313
38,16,283,1,-1,0,290
50,12,474,2,-1,0,1240
27,15,157,2,351,5,3672
73,5,509,2,-1,0,19
46,7,279,1,-1,0,143
56,17,27,1,-1,0,212
36,11,386,4,-1,0,9
33,18,679,1,-1,0,3074
40,2,169,1,-1,0,1734
52,3,315,1,-1,0,575
51,20,293,2,-1,0,397
33,3,439,3,-1,0,640
54,19,198,1,-1,0,158
44,15,770,2,-1,0,2984
50,30,340,2,-1,0,1011
45,26,1472,1,192,4,0
36,4,293,1,181,2,1133
42,2,311,2,-1,0,4945
37,18,291,2,-1,0,712
28,21,965,2,-1,0,-427
56,9,594,1,-1,0,2146
59,12,139,2,350,1,92
32,6,501,4,-1,0,10
57,15,274,1,-1,0,1238
49,21,10,3,-1,0,981
56,20,18,2,-1,0,575
48,14,243,1,-1,0,-70
27,22,198,1,98,6,3733
31,16,410,2,-1,0,574
28,19,190,1,-1,0,43
36,28,121,1,-1,0,428
58,9,148,1,-1,0,0
46,20,239,2,259,2,0
32,7,90,3,-1,0,474
39,6,29,1,-1,0,-540
35,2,58,1,136,1,560
31,18,1139,2,-1,0,325
29,5,504,1,92,1,437
48,5,348,1,-1,0,574
60,30,130,3,-1,0,0
74,26,100,1,104,1,935
30,29,544,1,-1,0,699
52,19,182,11,-1,0,0
24,2,90,1,-1,0,-220
29,28,272,2,-1,0,11417
33,11,260,2,-1,0,212
34,8,672,3,-1,0,67
45,29,264,1,-1,0,0
31,15,275,2,-1,0,0
45,23,76,1,-1,0,1673
27,4,749,2,-1,0,-1202
30,25,142,4,-1,0,4213
45,26,454,2,-1,0,0
57,18,102,2,178,5,1521
34,30,521,3,158,7,1310
40,17,57,1,-1,0,0
39,9,504,1,-1,0,399
46,11,138,3,-1,0,405
55,5,103,2,95,1,9756
25,17,485,1,-1,0,2506
34,5,166,1,-1,0,697
37,8,318,2,338,1,403
64,3,531,3,-1,0,890
45,13,155,2,363,4,809
57,10,73,1,-1,0,158
21,12,198,3,-1,0,137
58,14,137,1,-1,0,2705
41,1,479,9,-1,0,75
41,9,285,1,-1,0,2457
58,8,98,1,-1,0,541
33,15,199,2,274,3,287
32,18,97,3,-1,0,273
44,4,389,5,-1,0,0
47,7,384,1,99,4,677
41,6,37,3,-1,0,340
54,8,420,4,-1,0,98
47,7,973,1,366,1,477
32,28,77,4,-1,0,2629
59,29,376,2,-1,0,0
29,2,125,1,-1,0,2325
48,20,142,2,-1,0,-20
32,18,442,1,266,8,230
46,29,728,2,-1,0,-852
31,21,281,3,-1,0,-280
53,22,528,2,-1,0,25
34,20,128,5,-1,0,9851
48,16,71,1,-1,0,5095
32,20,161,4,-1,0,687
31,12,129,4,-1,0,1368
27,15,54,2,-1,0,-179
60,11,443,1,350,1,-396
34,6,136,1,-1,0,1011
52,6,44,1,-1,0,9
48,15,1181,9,-1,0,1159
45,9,225,2,-1,0,-322
54,30,81,1,-1,0,1114
52,10,224,1,-1,0,2072
47,29,189,4,-1,0,459
54,26,98,2,-1,0,1157
34,19,50,1,-1,0,8309
39,18,195,10,-1,0,1043
46,7,110,2,-1,0,2098
26,28,214,1,-1,0,461
37,19,182,8,-1,0,61
47,17,239,2,-1,0,1203
35,12,179,6,-1,0,1067
57,9,540,1,-1,0,0
34,18,566,2,356,4,1657
47,18,697,4,-1,0,1219
27,15,98,2,-1,0,7
40,16,1018,2,-1,0,-839
39,5,221,1,241,1,994
36,30,246,1,-1,0,6
42,21,656,2,-1,0,0
23,3,281,1,-1,0,8627
34,8,65,1,-1,0,133
34,26,193,5,-1,0,247
49,17,283,1,-1,0,1114
57,20,78,4,-1,0,1592
59,8,425,6,-1,0,0
57,7,238,2,-1,0,46
34,6,182,1,90,8,1221
61,18,998,6,-1,0,985
35,8,477,1,-1,0,0
42,4,158,1,-1,0,520
57,8,320,3,-1,0,10
42,13,149,1,364,2,2157
53,14,410,5,-1,0,6095
63,13,104,2,-1,0,133
47,20,454,6,-1,0,1121
54,13,190,1,-1,0,88
45,19,145,10,-1,0,0
28,2,318,2,-1,0,-328
58,29,246,2,-1,0,610
48,21,761,2,-1,0,414
35,29,171,1,-1,0,0
37,6,143,1,-1,0,0
37,6,968,1,-1,0,685
37,2,154,1,388,1,22856
25,15,246,1,-1,0,-352
58,13,201,1,-1,0,602
52,22,81,4,-1,0,-588
19,16,205,1,-1,0,302
59,5,200,3,-1,0,5314
41,8,210,2,-1,0,64
34,22,215,10,-1,0,632
35,4,164,2,167,4,5731
41,16,35,6,-1,0,902
28,28,615,1,-1,0,6307
53,11,246,3,-1,0,112
35,9,42,1,-1,0,0
33,8,217,1,-1,0,621
37,26,210,1,-1,0,435
32,26,116,4,-1,0,782
32,3,200,1,-1,0,478
54,15,145,4,-1,0,7864
44,5,41,1,-1,0,1910
36,18,192,2,-1,0,1174
56,17,80,2,165,2,1270
30,20,121,11,-1,0,18
36,23,106,3,-1,0,141
43,20,230,1,-1,0,2886
40,29,125,2,-1,0,2715
32,11,67,1,-1,0,1100
34,2,26,1,-1,0,516
37,15,395,2,-1,0,1
28,29,603,2,-1,0,775
35,7,185,2,-1,0,634
53,28,287,2,-1,0,5715
60,26,149,1,-1,0,1088
40,18,173,7,-1,0,1532
57,28,118,2,-1,0,75
29,19,314,1,-1,0,103
44,7,378,1,-1,0,134
41,21,94,7,130,3,748
47,25,108,4,-1,0,1990
43,5,203,2,-1,0,192
37,13,121,1,-1,0,267
34,16,489,2,-1,0,586
30,8,287,1,-1,0,648
57,11,652,1,370,4,25
26,13,612,2,348,3,96
34,25,53,5,-1,0,1116
46,17,270,1,-1,0,-90
38,18,442,1,-1,0,170
37,12,664,3,-1,0,3665
28,14,394,2,-1,0,2380
57,9,230,3,-1,0,179
39,11,877,7,300,2,763
49,9,1971,4,-1,0,320
38,21,161,2,-1,0,1960
27,3,188,5,-1,0,818
30,18,23,5,-1,0,2678
38,5,176,2,-1,0,1980
36,3,26,2,197,1,1582
38,19,212,1,-1,0,62
59,13,119,2,-1,0,235
37,7,205,5,-1,0,489
29,3,73,4,-1,0,3931
43,20,1258,2,122,2,699
33,29,57,2,-1,0,58
54,5,115,2,-1,0,1327
55,19,58,1,-1,0,557
32,11,238,1,-1,0,741
48,20,207,3,-1,0,3230
33,3,178,2,-1,0,1439
46,14,20,11,-1,0,120
44,11,188,3,-1,0,1058
47,14,143,1,370,2,881
38,25,232,1,96,4,6728
80,7,127,2,-1,0,462
40,8,380,4,295,1,167
43,19,167,3,-1,0,1574
32,22,796,1,109,1,1625
39,13,303,2,-1,0,562
33,17,407,2,-1,0,9305
31,16,229,1,-1,0,35
36,11,108,2,-1,0,0
35,25,265,1,-1,0,2486
25,25,168,1,-1,0,368
33,17,97,1,-1,0,1558
23,15,169,1,346,1,8627
31,23,103,2,484,2,2590
36,3,599,3,-1,0,0
44,29,322,2,-1,0,900
31,21,304,1,-1,0,385
55,12,52,3,-1,0,1649
51,18,655,4,-1,0,9228
36,9,101,2,-1,0,0
27,3,65,2,-1,0,1
40,15,173,4,-1,0,771
49,14,162,3,-1,0,280
59,14,78,2,-1,0,46
32,14,646,5,-1,0,2431
42,30,114,2,-1,0,308
35,4,141,6,-1,0,160
29,15,133,4,-1,0,555
29,6,1994,2,-1,0,778
37,6,140,2,-1,0,48
49,15,82,3,-1,0,169
51,17,150,1,-1,0,12
61,27,605,1,187,1,848
43,18,164,1,110,2,481
42,19,36,1,-1,0,12223
24,27,290,2,-1,0,-254
46,29,104,2,-1,0,1148
23,12,413,1,-1,0,5
26,12,153,1,-1,0,50
43,15,237,2,-1,0,92
35,25,743,13,-1,0,470
38,28,82,4,-1,0,0
56,15,924,4,-1,0,109
31,17,117,3,-1,0,440
32,5,550,4,-1,0,0
28,24,5,1,-1,0,2685
26,13,181,5,-1,0,-3
49,17,325,2,-1,0,7007
33,27,345,1,-1,0,220
80,6,331,2,-1,0,1548
40,7,112,1,-1,0,326
42,30,115,6,-1,0,0
46,20,381,3,-1,0,123
32,7,119,1,99,3,697
37,28,25,1,-1,0,223
32,28,929,1,-1,0,1694
53,14,429,1,-1,0,4446
39,20,491,1,326,1,894
31,18,146,1,-1,0,202
34,21,191,2,-1,0,0
44,8,406,3,-1,0,1707
35,9,220,2,-1,0,13658
39,30,253,5,-1,0,406
55,30,340,2,-1,0,96
34,30,154,1,-1,0,0
39,11,121,4,-1,0,-276
58,27,104,5,-1,0,413
37,5,127,2,258,4,655
56,29,144,1,102,1,694
32,19,149,2,-1,0,10218
41,4,261,1,184,6,1646
29,29,87,1,120,1,14
44,21,719,5,-1,0,7635
24,27,292,7,-1,0,9
43,2,145,1,-1,0,1029
26,30,52,3,-1,0,2855
39,17,146,1,281,1,260
49,6,451,1,169,2,2039
52,9,167,4,-1,0,-97
33,19,98,4,-1,0,1465
30,29,238,2,-1,0,125
32,27,85,7,-1,0,930
27,30,323,4,-1,0,0
58,17,116,1,-1,0,73
46,7,304,3,-1,0,-35
28,10,267,1,-1,0,1351
39,23,201,2,-1,0,1601
41,11,105,1,336,2,88
38,23,193,2,-1,0,435
50,30,113,1,-1,0,717
56,29,151,2,-1,0,705
34,20,200,2,-1,0,1553
33,16,145,1,-1,0,-131
61,21,214,4,-1,0,1191
36,9,36,6,-1,0,47
34,18,58,2,-1,0,544
36,6,174,2,-1,0,688
45,30,587,1,-1,0,242
27,25,112,1,-1,0,118
45,14,175,2,-1,0,-388
40,17,279,1,-1,0,1603
36,16,270,1,-1,0,1511
46,6,116,2,169,3,147
37,27,129,2,-1,0,836
36,13,38,2,369,4,55
37,28,138,1,-1,0,1123
22,19,338,1,-1,0,691
51,26,565,3,-1,0,0
49,13,77,8,-1,0,12531
35,19,314,2,124,1,552
50,20,179,2,-1,0,0
31,7,294,1,-1,0,309
47,5,298,1,-1,0,33
59,14,427,2,-1,0,681
32,12,87,4,357,4,1787
71,9,397,1,-1,0,14220
31,9,344,1,295,1,12569
41,23,74,5,-1,0,4
35,30,148,4,-1,0,3587
36,6,161,3,-1,0,254
46,19,110,1,-1,0,1712
46,10,1529,1,397,1,4855
47,12,236,1,104,1,2408
35,8,89,2,-1,0,252
37,17,390,1,316,1,346
56,5,1467,1,-1,0,45
46,15,646,3,-1,0,556
44,10,183,1,-1,0,-710
48,11,168,2,-1,0,-551
28,23,66,1,-1,0,56
38,21,160,3,120,3,1514
34,15,14,2,-1,0,178
56,6,220,4,-1,0,359
55,19,1007,1,-1,0,1580
44,30,149,13,-1,0,221
38,8,665,1,-1,0,1161
53,15,174,3,-1,0,1278
41,23,105,1,-1,0,982
34,13,990,1,-1,0,16
34,19,582,1,-1,0,1
35,12,136,1,-1,0,128
38,10,223,1,414,4,2543
42,8,205,2,-1,0,42045
56,14,214,1,349,1,828
37,11,217,6,-1,0,0
47,9,171,2,96,5,3940
29,13,50,1,-1,0,125
41,5,65,3,-1,0,140
43,5,55,1,-1,0,593
38,20,256,3,-1,0,746
31,21,151,1,-1,0,589
32,18,226,1,-1,0,2343
40,23,97,5,-1,0,294
45,22,92,1,-1,0,644
43,16,343,1,-1,0,-26
27,14,493,5,-1,0,3354
33,20,216,3,-1,0,23
37,27,224,7,105,1,7
60,22,190,1,188,9,3735
51,8,458,6,-1,0,2094
44,20,222,1,154,1,508
48,8,612,1,344,1,0
57,17,137,1,-1,0,93
29,7,104,2,-1,0,0
50,25,206,4,-1,0,26394
36,30,172,28,-1,0,-11
49,3,152,2,-1,0,523
49,19,114,1,-1,0,-74
35,11,89,1,-1,0,0
39,2,158,1,-1,0,122
34,14,326,11,-1,0,351
57,26,215,3,-1,0,35
37,13,53,1,-1,0,2610
25,21,71,11,-1,0,64
43,8,487,2,367,2,60
37,12,340,2,175,1,342
36,14,183,1,91,11,1830
49,17,131,2,-1,0,1904
38,29,208,1,247,2,16957
39,18,311,5,-1,0,26
40,10,147,1,96,8,0
34,23,83,1,-1,0,79
39,17,775,3,-1,0,2303
53,28,25,18,-1,0,65
44,23,497,5,-1,0,332
32,2,180,1,-1,0,-399
50,13,698,2,292,1,-54
29,4,134,1,-1,0,-102
55,21,223,2,186,3,4809
73,28,399,3,-1,0,279
52,13,420,1,-1,0,11
49,15,233,3,-1,0,2201
63,12,702,1,-1,0,8044
34,9,161,1,209,2,2374
32,18,110,1,315,2,92
49,8,27,6,-1,0,443
40,12,58,2,334,1,1397
53,20,68,1,-1,0,7
53,8,92,2,-1,0,3177
43,15,45,1,-1,0,232
35,29,79,1,-1,0,81
35,20,11,5,319,2,414
25,15,520,1,-1,0,1433
31,17,86,1,-1,0,187
48,28,16,16,-1,0,0
40,14,154,2,-1,0,4610
46,14,91,1,-1,0,1429
30,29,389,2,-1,0,334
47,21,71,15,-1,0,2
23,4,111,3,-1,0,500
29,20,68,2,-1,0,43
38,19,75,2,177,5,4030
56,8,212,1,-1,0,306
52,22,91,2,275,1,0
55,19,79,2,-1,0,168
43,29,646,2,-1,0,210
34,11,206,1,-1,0,518
43,26,257,1,474,3,1696
55,13,81,2,-1,0,-31
34,20,470,1,150,5,856
34,9,133,2,-1,0,318
43,6,230,2,-1,0,64
39,19,76,6,-1,0,800
39,6,26,1,-1,0,75
34,6,154,2,197,6,347
55,30,94,4,-1,0,2366
67,6,254,2,-1,0,701
34,9,1156,1,-1,0,475
47,31,248,5,-1,0,3285
33,20,884,3,-1,0,925
45,18,275,2,-1,0,128
36,28,200,2,-1,0,1587
59,26,228,1,-1,0,879
33,30,475,2,-1,0,478
52,14,393,5,-1,0,280
53,8,156,4,-1,0,1868
41,9,244,3,-1,0,819
45,13,118,1,-1,0,4646
60,22,40,2,-1,0,27
32,23,700,3,-1,0,736
28,2,97,3,-1,0,224
31,15,252,1,184,3,2544
53,14,360,4,-1,0,427
58,17,235,1,-1,0,2764
38,7,1521,1,-1,0,376
46,6,105,4,366,2,523
53,29,86,1,-1,0,71
56,3,484,1,135,3,3948
52,19,117,1,-1,0,1810
38,9,119,1,-1,0,994
37,7,359,1,-1,0,52
37,30,109,8,-1,0,11
37,18,236,1,-1,0,0
66,28,203,3,93,1,747
44,20,202,2,-1,0,2657
61,3,42,1,-1,0,313
34,5,21,1,-1,0,61
33,18,186,1,-1,0,2557
30,13,172,1,-1,0,0
27,22,527,1,-1,0,10
37,23,175,1,-1,0,658
38,20,21,18,-1,0,1679
35,14,370,4,-1,0,0
50,29,54,2,-1,0,841
39,27,63,3,-1,0,0
35,27,116,3,-1,0,1160
36,27,151,1,-1,0,-37
28,16,300,1,-1,0,94
39,18,48,1,181,3,585
39,9,217,1,-1,0,235
30,18,727,2,-1,0,2145
32,3,193,1,-1,0,1464
28,29,72,1,261,1,232
47,9,165,1,-1,0,187
53,27,345,10,-1,0,12
57,27,206,2,-1,0,318
47,8,994,2,-1,0,405
56,15,127,2,-1,0,334
38,2,29,32,-1,0,0
52,9,70,3,-1,0,2
46,19,40,2,-1,0,966
57,30,185,4,-1,0,195
42,7,64,2,-1,0,0
57,19,97,1,-1,0,0
51,27,316,5,-1,0,260
53,2,125,1,249,2,451
37,21,233,1,-1,0,3242
47,20,14,7,112,4,8515
48,26,245,1,-1,0,1808
39,7,109,1,-1,0,20
42,11,429,2,-1,0,3068
36,26,133,11,-1,0,23
34,8,70,2,-1,0,1076
61,13,118,1,-1,0,1060
32,4,1579,1,246,4,678
35,7,29,1,-1,0,1147
54,23,173,1,-1,0,-630
31,28,13,14,-1,0,459
45,17,183,1,338,2,976
32,18,175,2,-1,0,357
52,9,123,1,-1,0,-9
36,18,288,1,137,1,1927
31,6,19,18,-1,0,500
53,13,136,4,-1,0,9146
43,13,437,2,-1,0,59
47,10,1225,2,-1,0,0
46,21,526,8,-1,0,328
34,7,91,2,-1,0,291
55,8,123,3,-1,0,-703
23,6,62,1,-1,0,589
75,11,865,2,190,1,6053
58,4,82,3,-1,0,1142
35,20,219,7,133,1,725
27,22,569,1,-1,0,802
24,18,460,2,-1,0,556
48,5,238,3,-1,0,191
31,22,346,5,-1,0,373
57,19,161,2,-1,0,6164
53,28,51,9,-1,0,37
42,20,37,1,-1,0,1156
50,7,141,8,297,2,806
59,30,173,2,-1,0,2381
38,28,66,2,-1,0,-314
39,6,209,1,-1,0,285
28,30,1011,20,-1,0,1199
55,8,147,2,298,3,481
33,25,88,4,-1,0,137
36,12,52,1,-1,0,168
38,17,544,3,-1,0,156
28,12,360,1,181,5,4745
32,11,95,2,-1,0,11797
35,25,322,1,-1,0,786
58,20,106,3,-1,0,4015
30,9,20,1,-1,0,0
33,14,178,7,365,5,331
36,12,325,4,-1,0,1554
32,19,343,2,-1,0,132
34,25,213,4,-1,0,5086
42,19,193,3,-1,0,529
41,18,168,7,-1,0,4824
63,25,423,1,-1,0,474
38,6,218,1,-1,0,86
54,20,158,1,-1,0,2281
39,17,433,1,-1,0,186
46,20,252,3,-1,0,137
37,1,175,1,-1,0,6968
76,12,192,1,-1,0,86
28,8,158,1,-1,0,81
33,20,114,2,-1,0,6904
46,5,246,1,-1,0,137
30,30,44,1,-1,0,25
60,14,136,2,-1,0,759
56,24,247,2,-1,0,1922
24,28,227,1,-1,0,3298
58,12,219,4,-1,0,764
79,18,326,2,272,2,8556
32,20,226,2,-1,0,3514
33,18,351,2,-1,0,0
77,27,341,4,94,3,680
60,22,124,1,-1,0,0
54,7,123,3,-1,0,2819
30,28,244,6,-1,0,-518
50,27,151,8,-1,0,60
50,7,736,7,-1,0,732
37,16,109,1,-1,0,2707
41,11,117,2,-1,0,177
49,8,77,2,-1,0,13229
41,6,42,1,-1,0,-204
40,6,252,3,-1,0,990
38,3,179,1,-1,0,648
34,11,106,3,-1,0,50
49,14,281,3,-1,0,1916
72,24,384,2,-1,0,763
34,20,217,1,-1,0,470
31,19,144,4,-1,0,0
33,21,374,1,-1,0,5739
31,14,298,1,-1,0,0
55,30,814,2,-1,0,-375
25,28,33,31,-1,0,157
34,20,128,2,-1,0,1518
53,5,129,4,-1,0,1343
39,19,274,4,-1,0,-401
41,17,984,1,-1,0,5310
32,14,413,2,-1,0,2285
29,18,44,1,355,3,22171
56,4,70,4,7,7,856
19,6,463,18,-1,0,1169
39,2,96,2,-1,0,3797
32,18,276,1,195,1,53
43,16,257,2,146,9,2519
32,8,131,3,-1,0,795
53,30,586,2,-1,0,0
52,31,267,1,474,1,2087
43,30,29,1,-1,0,34
48,9,65,6,-1,0,5
27,25,67,3,-1,0,15
27,28,190,1,82,1,390
51,13,287,2,-1,0,712
39,17,77,1,-1,0,2600
33,27,169,1,-1,0,-241
50,20,25,1,-1,0,1545
59,5,669,1,-1,0,1026
58,28,122,6,-1,0,435
54,27,269,3,541,3,876
60,29,167,1,-1,0,1801
38,13,244,1,-1,0,2278
39,30,99,6,-1,0,157
40,26,76,2,-1,0,1327
55,14,252,4,-1,0,284
36,12,213,3,182,6,495
31,3,14,1,-1,0,1588
38,28,121,2,-1,0,0
52,30,153,1,-1,0,428
45,11,8,5,350,3,542
32,19,244,1,-1,0,66
58,25,67,2,-1,0,314
35,8,169,1,231,2,24
36,7,86,2,-1,0,613
55,29,277,2,-1,0,1467
45,13,154,5,176,1,192
49,9,135,3,-1,0,321
44,17,392,1,-1,0,788
37,8,133,2,-1,0,48
35,2,96,2,109,4,262
36,20,446,1,-1,0,4438
44,21,20,6,175,15,5045
32,7,291,2,-1,0,3014
56,17,214,8,-1,0,21664
32,19,159,2,-1,0,5878
35,8,275,4,-1,0,2723
44,8,128,3,-1,0,576
59,19,207,2,153,1,0
31,23,146,3,-1,0,2197
60,5,22,1,-1,0,104
33,18,239,2,349,3,1279
45,23,92,1,-1,0,295
45,19,149,4,-1,0,2128
57,16,107,2,-1,0,367
36,7,71,2,-1,0,1477
30,19,122,6,-1,0,71
30,18,16,6,368,1,127
59,3,251,1,-1,0,2921
58,17,215,3,-1,0,16264
49,17,128,3,-1,0,1672
48,18,445,3,-1,0,9207
28,2,76,2,-1,0,356
59,9,206,1,-1,0,133
40,18,155,1,-1,0,1217
32,4,429,1,201,1,202
58,5,133,1,-1,0,590
28,19,474,3,95,3,442
27,15,578,1,364,1,808
38,6,17,3,169,2,427
53,11,74,1,-1,0,431
60,16,239,3,761,1,4256
33,19,275,8,-1,0,0
52,6,101,1,362,5,238
64,11,671,1,181,3,846
40,19,998,1,-1,0,3
52,12,271,1,-1,0,693
28,15,133,3,-1,0,0
49,4,84,2,-1,0,362
28,7,281,1,-1,0,618
29,3,250,1,-1,0,2893
87,30,144,1,-1,0,230
37,14,432,1,-1,0,1287
36,9,411,1,-1,0,179
35,2,428,2,336,6,980
33,22,249,2,335,2,79
60,19,235,3,-1,0,3043
25,18,267,2,114,2,808
69,9,595,1,-1,0,745
41,20,28,4,-1,0,1309
48,21,257,2,-1,0,290
35,31,630,6,-1,0,1792
30,20,747,5,-1,0,178
59,27,87,4,-1,0,0
32,29,187,3,-1,0,537
28,13,452,2,-1,0,416
60,20,36,4,-1,0,1472
36,19,277,1,-1,0,3953
32,5,118,1,-1,0,112
34,20,197,2,-1,0,13204
58,14,101,5,-1,0,0
53,2,282,2,385,1,2240
31,14,8,6,267,4,22546
33,17,1448,7,-1,0,0
46,21,344,1,-1,0,23
29,11,12,8,342,9,228
37,6,61,1,-1,0,215
58,20,91,6,-1,0,23
34,21,162,3,-1,0,293
34,21,339,1,-1,0,0
49,13,113,2,-1,0,199
53,5,558,1,-1,0,459
42,30,69,1,-1,0,8131
40,13,541,1,295,6,-378
30,21,429,1,-1,0,395
31,4,135,2,-1,0,10787
55,27,96,1,111,3,865
36,20,68,2,-1,0,340
31,7,529,2,-1,0,1882
26,30,650,2,-1,0,265
31,7,69,1,185,2,389
49,29,71,7,-1,0,0
54,12,30,7,-1,0,384
47,31,9,19,-1,0,94
61,12,331,2,-1,0,1471
49,12,66,1,-1,0,937
51,20,26,6,-1,0,500
53,6,266,3,-1,0,25
35,21,168,2,-1,0,365
25,4,316,1,-1,0,34
79,8,1006,2,-1,0,429
53,19,77,1,-1,0,6839
21,9,622,1,-1,0,6
33,21,494,2,-1,0,467
40,20,269,1,-1,0,1876
34,9,543,3,321,6,1847
52,29,268,6,-1,0,247
27,5,397,1,-1,0,897
57,21,22,4,114,1,4664
51,3,51,2,-1,0,1291
31,15,208,1,105,2,64
49,20,77,3,185,7,-471
32,11,450,2,-1,0,1160
28,1,201,1,-1,0,14
33,17,342,3,332,1,26
50,20,181,2,-1,0,452
42,13,294,1,-1,0,382
45,30,123,1,186,4,2033
34,13,172,1,-1,0,0
56,8,1022,1,360,2,789
33,14,123,1,360,3,142
34,19,420,1,-1,0,645
37,13,119,2,280,2,897
37,12,153,1,-1,0,103
35,11,85,2,-1,0,847
38,11,260,3,95,3,0
32,5,528,1,-1,0,517
52,29,361,1,-1,0,1308
49,21,59,4,-1,0,66
46,19,86,7,-1,0,361
42,6,139,1,-1,0,66
36,8,219,4,-1,0,70
32,15,45,2,-1,0,180
49,19,168,4,-1,0,279
46,30,268,1,261,5,4
40,14,210,2,-1,0,1416
36,20,160,1,-1,0,465
36,14,1044,2,-1,0,998
34,9,601,1,-1,0,550
46,27,89,1,-1,0,1285
32,13,491,2,-1,0,4908
32,8,139,1,-1,0,336
32,3,267,3,-1,0,131
43,15,88,3,-1,0,348
25,17,134,1,-1,0,453
55,15,126,2,-1,0,1102
24,15,191,1,-1,0,926
40,3,267,4,270,3,502
38,20,5,3,150,6,8669
48,5,560,2,-1,0,316
36,30,138,8,-1,0,9324
57,19,188,4,-1,0,0
45,15,262,2,352,2,72
33,19,836,3,-1,0,61
38,29,150,4,-1,0,173
26,15,44,2,-1,0,-162
30,31,11,17,-1,0,47
55,19,123,1,-1,0,1983
34,15,150,2,-1,0,326
60,30,255,2,2,4,2552
36,18,92,5,-1,0,1283
65,4,112,7,-1,0,2179
39,6,554,1,-1,0,1047
52,13,109,2,-1,0,36
55,2,781,1,-1,0,-308
26,19,116,1,-1,0,1177
40,13,363,1,173,24,2077
52,7,82,2,-1,0,0
29,18,167,3,-1,0,1
41,20,220,1,190,1,7735
30,18,546,1,-1,0,1922
28,23,1124,2,-1,0,153
26,8,141,1,-1,0,2770
58,27,188,1,161,2,139
29,14,107,4,371,3,21
48,17,320,4,-1,0,178
35,15,244,3,-1,0,444
26,22,319,2,-1,0,209
49,16,147,2,-1,0,3096
34,3,114,6,467,5,5320
32,18,400,2,-1,0,4885
31,18,79,3,-1,0,0
48,6,29,4,-1,0,5462
40,20,97,2,-1,0,6767
42,21,187,5,-1,0,2974
48,14,201,1,-1,0,427
38,2,280,1,75,1,8876
53,30,150,1,-1,0,146
59,24,129,1,-1,0,319
28,14,516,1,-1,0,304
41,16,127,2,-1,0,389
50,17,174,2,-1,0,766
31,29,82,5,-1,0,0
30,3,1516,2,-1,0,3107
59,16,204,1,-1,0,174
33,9,109,1,-1,0,-305
35,9,378,1,-1,0,670
30,27,152,11,-1,0,6164
71,17,185,1,-1,0,2850
30,15,317,1,-1,0,79
24,23,27,1,-1,0,110
34,20,205,6,-1,0,5039
34,19,46,1,182,2,360
52,28,978,2,189,1,199
33,5,45,5,-1,0,238
38,17,145,6,-1,0,5092
41,28,138,1,-1,0,1088
42,7,720,2,-1,0,221
38,18,362,1,-1,0,889
48,18,90,6,-1,0,750
34,16,214,1,-1,0,0
46,14,142,3,259,17,1291
33,29,241,3,-1,0,1844
40,9,148,6,-1,0,89
36,19,227,6,-1,0,4280
32,21,126,2,-1,0,0
33,28,410,1,-1,0,625
55,29,243,2,-1,0,574
58,30,171,2,-1,0,320
25,15,147,1,-1,0,468
47,12,91,1,-1,0,440
40,19,332,1,183,1,0
59,25,471,2,-1,0,5706
40,4,364,1,355,1,7780
30,7,98,1,167,2,-559
25,15,117,2,-1,0,16874
58,14,185,4,-1,0,1987
39,15,59,3,367,1,98
40,18,147,3,-1,0,642
38,23,553,2,-1,0,526
66,13,275,1,-1,0,6483
47,6,239,4,-1,0,2306
37,2,402,9,-1,0,954
36,7,172,1,93,1,-679
50,19,195,2,-1,0,-1
76,9,68,12,-1,0,2590
58,28,82,3,-1,0,331
42,5,57,6,-1,0,4209
58,13,495,1,93,1,462
28,21,479,1,-1,0,0
41,29,141,2,-1,0,0
30,19,82,4,-1,0,151
32,10,798,1,185,5,883
27,7,232,1,-1,0,266
48,26,60,5,-1,0,0
36,8,103,3,-1,0,491
54,8,443,1,-1,0,3
36,9,400,2,-1,0,198
52,5,132,1,-1,0,14363
34,18,374,16,-1,0,0
43,25,363,7,-1,0,136
32,8,111,2,-1,0,28
33,29,130,4,-1,0,335
51,29,308,3,-1,0,174
39,3,116,1,-1,0,270
44,9,160,2,-1,0,1206
49,13,205,3,-1,0,198
25,12,185,2,-1,0,914
39,20,61,2,181,4,31
54,14,159,2,106,6,0
32,18,213,1,264,6,347
36,20,294,15,-1,0,860
54,10,140,3,-1,0,89
31,28,71,1,223,9,0
45,8,47,7,-1,0,0
31,16,570,2,-1,0,68
45,14,287,2,-1,0,-149
33,23,130,1,161,1,2411
46,14,201,1,345,1,225
43,21,11,7,-1,0,2731
50,4,70,5,85,5,112
44,22,54,2,-1,0,0
42,27,22,16,-1,0,3620
26,30,103,3,-1,0,179
47,6,104,1,312,1,1544
48,18,29,2,-1,0,199
60,12,57,2,-1,0,231
27,4,236,1,-1,0,76
30,11,528,3,-1,0,302
28,31,68,2,-1,0,189
58,7,876,1,-1,0,565
37,1,76,1,-1,0,310
36,26,99,1,-1,0,1746
39,18,122,3,357,4,6
52,29,141,1,-1,0,-110
55,29,58,2,-1,0,2749
30,30,78,3,-1,0,6495
36,3,435,3,-1,0,35
39,15,123,2,364,1,-650
47,28,210,3,-1,0,292
42,15,54,2,-1,0,5774
42,20,138,4,-1,0,2416
58,29,336,7,-1,0,35
68,4,249,1,-1,0,19317
43,28,63,1,-1,0,50
44,5,257,1,-1,0,-674
49,5,875,2,-1,0,3726
57,14,191,2,-1,0,1180
61,24,481,2,-1,0,6610
36,18,120,2,-1,0,319
31,13,207,1,-1,0,1545
51,5,303,2,-1,0,1315
31,21,93,2,-1,0,424
56,3,128,1,-1,0,151
30,21,194,2,-1,0,-970
38,30,408,2,-1,0,-762
35,31,5,3,-1,0,181
31,17,231,2,-1,0,-120
39,20,20,3,-1,0,1022
50,14,218,3,161,9,78
39,23,36,2,-1,0,209
26,16,136,8,-1,0,2469
55,19,336,1,-1,0,0
43,8,192,1,-1,0,328
34,26,141,1,188,1,0
51,17,65,2,-1,0,307
31,30,203,2,2,3,1384
32,26,104,9,-1,0,0
53,14,230,1,-1,0,719
44,10,71,1,-1,0,0
38,21,205,2,-1,0,6704
47,14,162,1,-1,0,4543
36,27,145,2,-1,0,0
30,3,220,2,-1,0,149
46,6,309,3,355,4,-1400
33,27,421,3,-1,0,-118
43,8,261,1,98,1,2160
38,13,132,2,-1,0,3452
27,30,273,1,91,1,842
38,25,349,2,183,1,3576
41,9,291,3,-1,0,1666
29,28,83,6,-1,0,0
39,20,793,2,-1,0,0
42,5,119,1,195,8,1628
47,16,312,1,-1,0,51
30,14,103,6,-1,0,447
34,16,101,3,-1,0,396
45,20,48,1,-1,0,4994
43,21,228,3,-1,0,3215
59,20,81,3,-1,0,2814
50,7,152,2,-1,0,0
39,23,160,3,-1,0,293
36,27,59,1,-1,0,474
44,21,297,1,-1,0,16178
36,22,147,2,-1,0,0
27,4,143,1,-1,0,88
29,28,75,1,-1,0,308
70,14,338,3,185,2,1164
44,11,29,2,-1,0,13893
55,14,159,2,-1,0,0
36,2,85,8,-1,0,-435
28,11,15,7,-1,0,389
50,8,198,2,358,5,356
49,19,114,2,-1,0,2718
71,12,1117,2,-1,0,261
31,3,343,2,-1,0,757
45,31,59,2,-1,0,16
42,9,31,1,-1,0,-422
45,16,212,2,-1,0,248
47,7,157,6,-1,0,145
60,8,96,1,-1,0,598
35,27,245,2,-1,0,949
31,11,72,4,-1,0,614
33,16,700,1,-1,0,1209
50,15,107,1,148,4,202
51,18,312,3,-1,0,1840
34,4,153,1,309,3,114
56,23,55,10,-1,0,-229
29,13,38,3,-1,0,182
31,14,96,3,-1,0,401
44,23,397,1,-1,0,759
55,30,208,3,-1,0,4194
35,28,122,3,-1,0,0
36,29,109,1,246,1,629
54,26,74,1,-1,0,153
32,22,72,1,-1,0,553
36,5,383,2,-1,0,1057
60,12,113,3,-1,0,78
32,4,400,1,-1,0,-28
57,19,387,8,-1,0,929
34,18,59,2,-1,0,428
27,13,528,1,358,2,268
52,26,1223,6,-1,0,83
45,30,38,2,-1,0,998
58,4,1139,2,114,1,2223
39,19,286,2,-1,0,6
48,3,369,2,-1,0,312
36,13,333,5,-1,0,0
31,8,198,1,-1,0,691
41,26,106,8,-1,0,771
30,22,423,1,-1,0,192
57,12,116,4,-1,0,0
29,19,30,1,357,1,1070
29,13,1101,2,-1,0,84
30,16,102,1,85,1,2
44,6,384,6,-1,0,1242
33,4,156,2,127,8,5969
56,17,99,3,-1,0,3337
26,18,280,6,92,5,1347
52,29,20,2,-1,0,64
32,2,258,1,-1,0,249
36,29,85,6,-1,0,0
26,4,355,1,-1,0,128
37,5,66,3,-1,0,196
34,18,467,1,-1,0,351
26,7,582,2,283,4,5533
32,15,744,1,-1,0,38
30,30,185,4,-1,0,35
27,12,13,5,-1,0,235
42,4,98,1,266,3,30
33,9,127,1,-1,0,92
37,3,45,2,-1,0,67
45,29,244,3,-1,0,4022
36,16,2769,4,-1,0,3057
39,12,561,4,369,3,0
33,22,182,1,-1,0,349
47,22,618,1,-1,0,2322
49,6,198,3,-1,0,167
46,19,126,6,-1,0,558
31,16,715,1,-1,0,-230
43,21,63,1,-1,0,4094
30,21,412,1,-1,0,239
43,13,66,1,363,22,497
42,17,96,1,-1,0,179
30,30,633,1,85,2,305
33,5,364,1,-1,0,-67
41,30,298,3,-1,0,4539
29,17,341,1,-1,0,770
38,26,364,1,-1,0,-673
29,12,234,7,330,1,858
80,23,639,1,189,1,0
38,8,310,4,-1,0,5244
36,2,123,4,-1,0,117
38,2,253,1,-1,0,846
44,11,96,2,-1,0,0
31,30,297,1,86,3,1331
31,26,501,2,-1,0,31
57,15,67,1,368,2,179
37,21,281,1,-1,0,543
50,5,475,2,-1,0,253
60,6,205,1,-1,0,71188
51,8,272,1,102,8,5108
48,15,349,1,-1,0,1738
42,3,216,4,271,5,-97
36,9,183,1,-1,0,199
43,8,130,1,172,2,489
31,4,61,6,-1,0,355
49,6,92,2,-1,0,-97
35,5,37,2,-1,0,473
44,19,354,2,-1,0,6649
34,4,203,1,78,8,263
46,13,152,1,-1,0,781
49,2,41,5,-1,0,1032
32,4,20,5,-1,0,119
35,11,277,1,271,2,434
51,17,83,2,-1,0,2967
57,6,531,1,-1,0,-331
59,28,91,5,-1,0,1585
40,5,315,1,-1,0,4384
49,28,70,9,-1,0,588
51,9,384,1,-1,0,3180
35,4,105,3,-1,0,0
29,27,305,2,-1,0,-76
32,25,158,2,-1,0,152
37,13,199,1,173,2,1040
49,27,25,1,-1,0,-384
45,27,147,1,-1,0,473
34,29,538,8,-1,0,475
53,22,77,9,-1,0,0
42,20,94,2,-1,0,149
43,13,1721,2,-1,0,3285
52,19,143,1,154,3,424
34,20,104,1,-1,0,79
34,7,587,2,-1,0,674
27,22,1608,13,-1,0,0
43,9,48,4,-1,0,58
41,9,74,1,-1,0,532
72,12,427,1,-1,0,4130
35,14,73,1,-1,0,422
41,3,14,21,-1,0,437
36,12,725,1,-1,0,-308
51,14,333,2,-1,0,30
37,13,244,6,-1,0,137
42,21,519,1,166,1,-247
26,22,242,7,-1,0,321
23,18,222,1,-1,0,250
50,19,130,2,160,1,-470
37,7,490,1,-1,0,140
35,20,258,2,-1,0,2793
37,29,337,2,-1,0,410
79,8,220,7,450,2,2628
39,24,79,2,94,2,116
47,9,250,1,-1,0,0
44,2,130,1,-1,0,878
36,18,882,8,-1,0,2944
33,17,515,1,150,1,3975
42,5,238,3,340,2,96
35,28,32,2,-1,0,2288
31,13,907,2,-1,0,472
58,27,162,1,-1,0,65
46,7,70,2,-1,0,0
41,4,99,6,-1,0,400
58,13,325,1,-1,0,7495
33,18,305,12,-1,0,137
31,19,631,1,-1,0,24
55,10,169,1,183,1,3450
38,28,61,2,-1,0,311
55,22,256,2,-1,0,139
47,11,58,3,-1,0,0
51,20,142,3,-1,0,492
46,4,36,6,90,2,334
61,10,106,1,-1,0,997
47,21,71,4,-1,0,440
34,25,132,6,-1,0,47
34,20,120,1,-1,0,1298
41,14,181,2,500,1,3355
36,5,152,2,-1,0,-11
26,28,302,1,-1,0,396
35,23,93,3,-1,0,8
36,17,235,2,-1,0,1409
26,15,129,1,-1,0,170
58,11,94,2,-1,0,2769
50,7,310,1,-1,0,2320
61,15,195,7,-1,0,76
28,21,196,1,-1,0,2034
49,15,93,1,-1,0,3018
74,17,394,2,-1,0,921
53,3,288,3,-1,0,483
46,31,208,2,-1,0,390
47,27,508,1,-1,0,0
42,30,86,2,-1,0,92
56,21,189,1,-1,0,22196
42,29,249,2,-1,0,2
49,21,450,1,-1,0,249
43,22,680,1,95,1,3274
39,20,175,2,-1,0,5731
66,9,479,1,-1,0,206
30,5,270,3,241,4,2325
38,24,164,1,-1,0,0
31,20,158,1,182,1,1664
32,8,50,4,-1,0,3333
48,6,80,2,-1,0,7020
34,6,45,1,-1,0,37
28,29,220,2,-1,0,28
40,18,161,2,-1,0,1670
36,20,98,1,-1,0,134
52,9,79,1,-1,0,603
46,6,157,2,-1,0,276
25,21,339,1,-1,0,2157
52,13,274,2,-1,0,161
40,14,977,1,-1,0,3658
26,12,127,2,-1,0,-402
26,4,329,4,-1,0,3342
35,21,1441,3,-1,0,1732
40,6,231,1,-1,0,263
31,13,96,2,349,5,623
32,18,213,1,178,1,3540
33,30,335,1,-1,0,95
53,14,959,3,174,7,765
46,7,429,3,-1,0,-824
28,28,383,6,-1,0,5549
31,2,40,1,-1,0,191
44,7,110,2,-1,0,420
35,7,326,1,-1,0,0
50,28,179,3,-1,0,2706
32,25,132,8,-1,0,4
51,16,95,1,-1,0,423
51,14,248,2,-1,0,-892
31,3,100,3,201,2,-120
41,28,226,10,-1,0,-365
57,20,174,3,-1,0,27069
34,20,29,3,152,1,8038
47,28,176,2,-1,0,-938
47,11,106,2,-1,0,1139
36,19,136,1,120,1,189
29,5,110,2,64,2,19
39,11,230,3,-1,0,3663
53,12,140,7,-1,0,0
47,26,118,2,-1,0,-614
51,18,151,10,-1,0,2323
48,9,693,2,-1,0,425
32,13,31,1,-1,0,5122
36,26,125,2,-1,0,608
50,20,670,4,340,2,341
39,12,454,2,364,3,607
31,23,159,3,-1,0,1495
49,5,504,2,-1,0,381
33,27,29,28,-1,0,385
26,1,190,1,84,1,1274
27,14,332,2,-1,0,362
51,3,143,4,272,1,377
26,30,77,1,2,2,802
45,31,517,4,-1,0,194
54,10,2029,1,-1,0,-315
49,25,269,1,-1,0,1843
47,14,457,2,-1,0,-9
42,7,184,1,-1,0,83
50,18,47,4,-1,0,433
37,28,158,2,-1,0,-107
54,21,168,3,-1,0,4503
40,11,50,1,-1,0,51
50,14,757,4,-1,0,961
57,25,93,4,-1,0,49
33,11,285,2,-1,0,3470
49,20,390,1,-1,0,-147
35,18,146,2,-1,0,0
28,28,386,1,-1,0,0
58,19,145,7,-1,0,172
31,7,230,1,-1,0,-407
36,16,237,2,91,1,649
49,8,474,2,-1,0,1040
30,20,350,4,-1,0,142
29,28,487,7,-1,0,209
50,5,1009,2,-1,0,3304
26,5,87,1,91,2,294
27,23,82,3,-1,0,4848
32,18,183,1,-1,0,1670
62,2,139,5,-1,0,367
34,3,115,3,-1,0,13683
25,8,124,2,-1,0,1420
34,3,633,28,-1,0,340
44,20,718,1,-1,0,1679
38,2,63,1,-1,0,1198
57,14,180,1,106,2,169
36,25,47,1,120,1,506
41,9,391,1,-1,0,1249
36,4,85,3,-1,0,678
27,15,373,1,-1,0,212
37,20,289,2,-1,0,23
47,10,805,1,190,1,4402
31,7,623,1,293,1,459
39,17,483,1,-1,0,4722
35,9,26,2,-1,0,1555
40,7,112,3,-1,0,61
38,17,213,2,-1,0,0
31,20,129,1,-1,0,3706
36,15,330,1,311,4,1177
53,9,104,1,-1,0,2096
59,29,184,1,-1,0,748
29,21,120,3,-1,0,3357
30,3,159,4,-1,0,3809
52,15,391,3,-1,0,395
55,12,112,2,-1,0,1011
56,9,76,1,-1,0,420
32,21,189,2,-1,0,76
24,28,94,1,-1,0,0
51,29,184,3,-1,0,844
36,7,100,2,-1,0,1318
36,28,57,1,-1,0,167
42,17,525,3,-1,0,2187
49,21,60,1,-1,0,14440
48,26,251,11,-1,0,2294
36,30,251,3,-1,0,80
48,26,219,6,-1,0,2537
30,27,976,12,-1,0,569
27,8,46,1,-1,0,0
38,18,185,3,-1,0,0
36,12,587,2,-1,0,12
45,29,65,2,-1,0,49
44,17,491,1,-1,0,460
42,11,432,2,-1,0,613
37,21,102,1,-1,0,7944
48,17,264,1,317,1,1143
57,4,75,1,190,6,-464
44,20,106,2,-1,0,1989
48,17,81,1,-1,0,17
56,27,89,23,-1,0,-1
37,6,95,2,-1,0,1698
47,15,322,1,-1,0,5306
54,14,94,5,145,3,0
51,12,417,1,365,9,1679
47,18,567,1,95,3,3676
25,18,600,4,332,4,-242
39,15,5,1,-1,0,471
40,14,464,5,-1,0,8902
38,1,222,1,-1,0,1704
34,13,469,1,-1,0,3050
53,15,99,1,-1,0,2581
32,14,297,2,-1,0,162
35,20,41,3,-1,0,243
24,9,390,1,-1,0,1847
58,29,535,2,-1,0,0
49,11,269,2,-1,0,3371
45,20,1010,3,326,1,1757
55,8,73,6,-1,0,171
42,7,650,1,-1,0,157
28,4,53,2,-1,0,934
48,4,270,1,-1,0,-19
51,18,119,6,-1,0,-55
38,26,634,2,-1,0,21
27,14,72,2,-1,0,14
50,17,270,1,123,2,246
44,12,165,2,363,1,887
40,19,164,2,-1,0,51
29,18,196,1,-1,0,-287
34,14,78,4,-1,0,0
44,12,897,4,-1,0,2734
50,31,22,8,-1,0,52
34,21,161,3,-1,0,2594
54,20,23,4,-1,0,22
34,11,490,2,-1,0,1611
34,30,359,1,-1,0,18
52,29,213,2,-1,0,1331
60,4,122,1,-1,0,7337
39,29,587,4,-1,0,835
58,11,199,6,-1,0,5092
41,20,261,2,-1,0,52
48,31,5,3,-1,0,10655
58,17,1531,1,-1,0,1831
40,13,92,1,-1,0,92
48,6,179,2,-1,0,586
52,15,41,1,-1,0,1758
50,29,197,2,244,3,2061
25,9,144,5,-1,0,959
54,12,255,1,-1,0,208
34,8,56,2,-1,0,-315
48,15,20,6,291,2,-13
37,11,331,7,-1,0,801
66,28,216,1,91,4,1948
32,8,64,1,-1,0,751
45,3,34,1,-1,0,784
43,12,68,1,363,1,24
41,7,764,3,-1,0,72
40,17,64,1,-1,0,1871
44,8,257,2,-1,0,1378
43,12,58,3,347,5,188
30,27,30,3,-1,0,6836
32,8,529,5,-1,0,61
57,15,8,7,-1,0,-967
31,19,147,1,-1,0,462
49,28,173,2,-1,0,0
31,21,132,1,-1,0,5527
41,16,286,1,-1,0,1287
44,18,476,1,-1,0,17361
54,19,221,5,-1,0,1956
37,21,146,4,-1,0,0
34,27,532,2,-1,0,-294
43,25,69,6,-1,0,275
44,17,157,2,172,1,724
44,25,485,1,-1,0,27
53,7,56,1,359,1,26
36,31,69,1,-1,0,191
58,5,131,2,-1,0,-123
26,4,95,2,-1,0,-147
34,19,294,3,-1,0,179
55,6,146,1,272,2,1086
55,30,58,2,-1,0,471
34,28,249,2,-1,0,105
41,20,10,8,-1,0,1588
38,27,255,3,148,1,70
28,3,337,4,-1,0,2700
41,2,142,1,-1,0,1602
30,24,209,2,-1,0,0
39,30,825,2,-1,0,839
41,5,87,1,-1,0,21515
36,23,219,4,-1,0,5902
37,21,143,1,-1,0,547
59,9,70,1,-1,0,3800
26,27,371,2,-1,0,261
43,4,539,8,204,5,0
42,5,176,1,-1,0,-34
46,5,725,3,-1,0,9328
31,16,101,7,-1,0,5
43,5,169,2,-1,0,3529
48,4,15,1,-1,0,2330
41,20,234,5,-1,0,1334
32,22,171,15,-1,0,3601
45,28,14,3,-1,0,265
52,24,242,2,-1,0,2227
37,27,155,15,-1,0,487
38,11,580,1,173,1,0
36,7,223,2,-1,0,174
58,18,297,1,-1,0,14412
37,8,124,2,-1,0,3288
30,2,465,2,-1,0,57
47,10,330,1,-1,0,2246
40,20,153,2,183,2,4441
42,19,131,2,-1,0,0
71,27,208,1,93,2,353
54,5,98,1,-1,0,448
53,10,230,3,-1,0,27
33,22,400,2,-1,0,474
30,30,284,1,339,1,1185
39,17,243,1,-1,0,282
32,15,16,9,309,1,2
34,7,274,2,-1,0,60
39,30,122,3,-1,0,3972
75,15,219,2,-1,0,26452
33,16,301,3,-1,0,818
40,21,7,8,185,1,9374
37,19,374,3,-1,0,47
69,12,26,1,-1,0,279
52,28,172,1,-1,0,20
31,15,332,1,297,2,360
28,22,253,1,107,5,1532
29,16,200,2,159,3,1673
46,19,405,2,-1,0,2420
28,27,132,2,-1,0,100
41,20,89,1,-1,0,0
42,5,86,1,-1,0,1533
34,7,147,4,-1,0,296
28,6,369,2,-1,0,2788
43,27,64,3,-1,0,109
32,26,98,14,-1,0,485
33,29,66,2,-1,0,125
70,27,149,2,182,1,616
36,26,240,3,107,4,3064
53,26,87,6,-1,0,206
30,21,816,1,-1,0,6900
45,3,155,2,-1,0,-179
31,20,106,2,183,2,481
28,30,73,3,256,3,12
45,23,574,5,-1,0,0
51,1,8,1,687,2,176
53,20,14,3,-1,0,4086
40,16,731,4,-1,0,257
53,7,208,1,140,1,53
31,29,821,1,-1,0,6
30,21,137,4,-1,0,562
53,9,101,3,-1,0,-118
40,14,173,6,353,23,2805
26,6,582,11,-1,0,565
47,21,676,1,-1,0,0
51,16,384,1,182,5,1612
45,27,62,2,-1,0,180
35,21,295,3,-1,0,0
36,23,241,2,-1,0,876
57,8,132,7,-1,0,2137
42,31,175,2,-1,0,260
32,16,648,1,272,1,-53
30,29,251,2,-1,0,944
36,14,184,2,-1,0,2394
43,14,119,3,-1,0,297
69,29,417,1,184,4,2144
31,15,95,1,-1,0,969
35,14,125,2,-1,0,0
26,6,207,1,363,2,37
46,21,162,5,-1,0,410
30,18,176,1,-1,0,1211
33,22,107,6,-1,0,71
34,17,28,1,345,1,436
48,15,1231,2,-1,0,559
31,20,200,4,-1,0,1170
46,26,103,2,-1,0,25
40,11,150,2,-1,0,1325
39,21,108,7,-1,0,0
33,4,124,1,273,1,647
50,29,309,2,224,1,2142
84,18,353,3,-1,0,639
40,21,742,4,-1,0,177
55,4,200,1,-1,0,236
40,30,177,1,-1,0,1959
46,4,151,2,-1,0,96
43,19,147,1,-1,0,0
34,29,193,6,-1,0,250
35,22,112,2,-1,0,126
57,19,108,1,-1,0,1621
25,22,107,2,-1,0,8
32,6,106,2,-1,0,189
52,12,463,3,-1,0,316
31,20,131,3,-1,0,-282
34,30,140,2,-1,0,-308
42,19,163,4,-1,0,248
47,3,2456,2,-1,0,126
50,20,76,1,-1,0,13
30,16,435,1,-1,0,-393
33,7,302,1,356,3,358
56,9,306,1,-1,0,917
34,15,259,3,-1,0,1268
33,8,502,2,-1,0,-163
32,11,72,2,361,1,473
34,4,265,1,-1,0,4831
37,31,413,2,-1,0,1063
30,12,756,3,-1,0,0
29,14,241,2,-1,0,424
56,3,258,2,-1,0,802
31,25,137,16,-1,0,430
59,5,48,2,-1,0,3940
36,12,283,1,-1,0,2880
51,30,247,2,-1,0,1069
54,18,193,4,-1,0,4382
37,11,129,4,107,2,0
32,8,209,2,-1,0,3939
42,17,31,1,-1,0,753
29,21,88,5,-1,0,358
52,12,22,5,-1,0,1141
40,20,234,5,-1,0,1259
30,3,23,1,-1,0,227
55,7,353,2,-1,0,538
49,6,221,2,-1,0,92
33,25,196,1,87,4,8023
32,20,395,1,-1,0,2478
21,14,126,3,127,7,6844
42,3,13,5,-1,0,440
56,9,170,1,-1,0,800
39,5,20,1,-1,0,914
30,14,358,6,-1,0,638
55,28,159,1,-1,0,159
43,12,225,3,-1,0,483
53,10,493,1,181,14,94
57,11,585,1,192,2,1044
39,20,13,11,-1,0,0
56,20,26,1,-1,0,401
29,1,161,1,-1,0,33
38,12,122,1,-1,0,506
59,19,456,2,-1,0,1881
42,3,26,7,-1,0,344
46,12,51,9,-1,0,0
31,28,37,12,-1,0,3
35,14,150,1,360,1,221
50,13,104,10,-1,0,36
42,13,721,1,-1,0,969
36,20,9,13,-1,0,760
25,26,68,1,-1,0,220
42,4,74,3,-1,0,10907
27,11,146,3,224,1,-148
32,2,777,4,-1,0,415
57,8,339,2,-1,0,1341
48,13,78,2,-1,0,865
34,26,248,2,-1,0,-566
33,20,201,1,-1,0,210
26,20,18,9,-1,0,1275
50,26,83,4,-1,0,579
60,8,233,2,-1,0,2934
47,17,174,2,-1,0,6637
31,18,89,1,-1,0,271
52,9,145,3,94,4,0
36,19,1017,1,-1,0,472
43,7,548,2,-1,0,487
30,11,213,4,-1,0,699
32,5,210,1,-1,0,150
31,17,224,3,74,4,1130
29,16,541,19,-1,0,584
48,9,104,1,-1,0,3186
32,15,171,1,-1,0,133
30,7,387,2,-1,0,868
48,15,830,1,352,2,480
51,5,57,1,-1,0,1883
34,20,97,1,-1,0,606
35,17,474,2,-1,0,603
49,31,115,6,-1,0,548
36,20,153,1,183,1,-872
37,20,106,2,167,1,33
37,29,645,2,-1,0,1689
49,9,210,2,-1,0,902
44,13,97,1,-1,0,0
40,19,52,1,152,6,260
57,2,223,1,76,4,589
39,11,126,2,-1,0,626
38,16,1473,6,-1,0,0
51,27,723,2,-1,0,78
27,22,279,2,-1,0,3792
38,17,293,20,-1,0,14058
30,5,670,2,286,6,-522
36,18,359,2,-1,0,386
37,9,404,1,182,1,1978
53,14,317,6,192,1,459
38,30,830,1,-1,0,2812
48,19,37,1,-1,0,5057
26,11,191,1,-1,0,-759
33,16,767,2,-1,0,-416
47,6,168,1,-1,0,2106
45,18,89,4,-1,0,220
32,2,746,2,-1,0,0
69,9,225,1,90,1,426
65,6,256,1,-1,0,4717
37,6,219,2,-1,0,395
45,21,211,2,-1,0,0
36,8,177,2,-1,0,-206
62,13,216,1,183,4,6
37,25,106,2,-1,0,4039
39,9,869,1,-1,0,687
38,18,1173,3,278,6,-242
31,15,58,2,-1,0,582
58,31,124,10,-1,0,8218
44,8,201,2,-1,0,1424
31,16,688,1,-1,0,92
33,9,501,2,-1,0,2085
36,30,260,1,-1,0,197
31,4,139,1,-1,0,2305
45,3,214,2,-1,0,-547
30,21,142,1,-1,0,411
34,18,154,2,-1,0,584
34,21,81,1,-1,0,997
39,30,69,6,-1,0,83
41,27,136,8,-1,0,6563
32,31,99,13,-1,0,0
32,21,9,6,-1,0,0
36,12,278,1,-1,0,398
35,2,82,2,-1,0,1145
32,11,100,2,-1,0,2
33,19,171,1,183,1,201
49,19,84,1,-1,0,563
35,8,433,2,-1,0,3161
31,15,624,6,-1,0,0
42,23,698,2,-1,0,1331
34,14,518,2,-1,0,2929
32,25,123,2,-1,0,-220
29,28,317,1,-1,0,5980
32,20,8,3,-1,0,48
50,28,118,8,-1,0,0
58,28,294,2,309,2,3382
59,30,815,1,87,1,2308
25,21,857,4,-1,0,10
57,5,174,1,-1,0,162
30,5,1130,4,-1,0,1073
26,7,13,5,-1,0,1700
50,7,198,2,-1,0,148
39,8,503,1,-1,0,0
45,29,249,3,-1,0,185
37,14,343,2,-1,0,896
47,6,479,2,-1,0,1279
50,3,116,2,253,1,199
40,9,15,5,-1,0,99
35,16,427,3,-1,0,378
53,20,921,2,-1,0,15
35,29,41,1,184,7,147
54,13,73,2,-1,0,2225
35,25,65,2,-1,0,1810
31,7,94,2,-1,0,-6
46,15,192,3,-1,0,435
52,21,411,1,182,1,335
34,18,641,1,-1,0,-251
46,29,305,2,-1,0,5
54,17,472,1,148,2,641
37,21,115,1,-1,0,0
39,23,141,1,-1,0,722
50,31,24,14,-1,0,3337
44,28,264,5,-1,0,0
56,29,66,2,-1,0,1504
40,3,318,4,317,3,35
36,4,622,1,-1,0,895
33,11,104,4,-1,0,752
33,2,76,2,-1,0,1925
42,7,149,1,-1,0,-246
30,16,601,1,-1,0,901
33,5,509,2,-1,0,894
26,27,174,1,-1,0,592
26,7,57,2,-1,0,3529
37,31,187,2,-1,0,0
59,5,493,2,-1,0,0
49,31,18,44,-1,0,371
33,20,257,1,-1,0,1
46,11,196,2,-1,0,834
55,8,144,3,-1,0,298
49,18,285,7,-1,0,306
51,16,627,1,-1,0,143
27,27,136,2,-1,0,186
44,20,27,3,-1,0,5597
40,12,88,2,173,1,1547
36,8,362,1,-1,0,1852
46,5,214,5,-1,0,1790
30,20,404,6,340,1,20
35,24,103,6,-1,0,8652
31,7,356,2,286,3,1626
37,21,219,1,-1,0,749
49,7,984,1,-1,0,51
27,22,60,2,-1,0,-1
32,12,145,1,-1,0,-32
70,5,252,3,183,1,6850
22,12,129,1,-1,0,333
58,31,77,13,-1,0,-27
33,21,226,1,-1,0,932
83,31,664,1,77,3,0
50,13,157,1,299,3,100
53,9,205,1,-1,0,-626
37,26,484,2,-1,0,9
55,6,800,1,-1,0,653
49,13,231,1,-1,0,3608
41,7,102,1,-1,0,293
40,27,240,3,-1,0,36
48,5,350,2,-1,0,263
27,7,458,2,349,1,8366
30,3,366,1,-1,0,2186
37,4,115,1,-1,0,20453
37,17,260,4,-1,0,105
40,5,327,2,-1,0,440
73,16,434,1,57,1,519
50,21,166,1,-1,0,19447
53,18,171,7,-1,0,225
47,11,577,1,368,1,2548
33,21,224,8,-1,0,0
50,31,1088,17,-1,0,2284
51,13,79,1,370,1,40
42,18,52,1,-1,0,364
34,11,259,4,-1,0,174
44,5,163,1,-1,0,10888
32,17,159,2,195,2,0
60,19,54,2,-1,0,225
60,10,421,6,-1,0,2131
29,21,574,1,-1,0,-20
39,29,70,2,-1,0,36
47,13,310,2,-1,0,2642
30,7,223,1,-1,0,400
31,3,39,1,-1,0,1214
34,19,181,6,-1,0,-292
51,2,151,3,-1,0,1415
38,16,270,15,-1,0,213
47,18,110,5,-1,0,2540
46,15,94,2,-1,0,3232
33,16,90,2,-1,0,296
30,25,115,6,-1,0,42
40,24,220,2,219,2,697
38,17,291,4,331,1,13156
63,8,506,1,-1,0,1490
33,21,151,2,-1,0,150
59,5,812,1,-1,0,0
29,18,119,1,-1,0,4210
54,12,33,3,175,2,1012
57,30,352,3,-1,0,16063
57,6,383,1,-1,0,5431
28,16,21,3,-1,0,317
30,18,266,1,167,2,4787
28,7,866,2,-1,0,225
45,20,10,3,-1,0,3854
29,7,240,1,-1,0,92
42,9,291,4,-1,0,-10
31,2,115,2,-1,0,-617
59,5,366,2,-1,0,195
41,15,153,1,-1,0,1172
57,22,197,2,-1,0,0
43,31,106,4,-1,0,0
30,14,41,2,-1,0,-94
26,28,112,1,-1,0,609
52,28,30,9,-1,0,4
32,16,211,3,-1,0,1121
39,25,313,5,-1,0,355
31,21,252,1,168,4,3653
83,5,181,1,-1,0,1097
34,28,118,4,-1,0,436
40,17,57,1,-1,0,4795
39,11,102,2,-1,0,266
50,9,239,4,-1,0,3357
30,7,187,3,-1,0,101
43,15,66,2,-1,0,10910
49,21,206,6,-1,0,1568
41,8,239,1,368,2,0
35,18,7,7,367,25,305
57,19,260,2,-1,0,31
29,27,347,1,-1,0,452
48,7,697,2,-1,0,5
38,8,182,3,-1,0,7929
41,21,549,2,-1,0,39
39,9,1151,5,-1,0,267
31,11,445,1,-1,0,4945
51,13,213,5,-1,0,463
35,13,409,2,-1,0,2116
45,24,873,8,-1,0,59
28,12,147,5,-1,0,131
57,14,85,2,-1,0,107
36,30,339,3,-1,0,-35
49,8,96,1,-1,0,230
34,7,195,1,-1,0,2679
65,16,622,1,182,1,493
26,4,101,2,-1,0,256
52,5,96,2,-1,0,-133
32,14,563,1,-1,0,811
33,16,670,1,-1,0,302
43,4,190,3,-1,0,3529
26,19,351,1,-1,0,75
45,20,215,6,188,2,999
30,3,59,1,-1,0,7845
37,17,446,2,-1,0,260
45,18,310,1,804,1,2048
34,13,213,1,-1,0,1557
35,27,371,2,-1,0,505
41,4,54,2,-1,0,1536
42,8,118,6,-1,0,0
48,2,212,1,249,2,439
45,11,81,1,-1,0,44
47,5,157,1,-1,0,295
37,8,194,1,-1,0,190
32,29,129,2,-1,0,3935
40,11,474,1,256,1,-17
35,29,219,1,246,1,175
31,5,475,4,166,2,4888
36,26,359,3,-1,0,40
44,31,168,2,-1,0,4460
52,19,148,1,-1,0,98
28,2,197,1,-1,0,330
45,11,42,2,-1,0,13117
38,17,118,3,-1,0,12877
39,11,299,2,-1,0,1506
28,27,198,2,-1,0,0
31,2,361,1,-1,0,775
46,27,217,1,-1,0,258
22,12,25,1,-1,0,246
49,7,1516,2,353,2,2146
44,12,129,2,-1,0,304
31,26,592,4,-1,0,360
53,23,331,6,-1,0,3316
55,8,353,2,-1,0,6880
35,19,256,3,-1,0,2189
35,20,340,1,183,2,5304
37,21,101,2,-1,0,102
50,17,599,2,-1,0,181
37,6,610,2,138,1,3953
37,20,412,1,-1,0,6969
29,16,314,1,195,1,572
31,17,508,1,315,11,223
40,26,127,1,-1,0,-396
47,5,212,1,-1,0,164
55,18,151,12,-1,0,2678
33,21,58,1,122,4,920
53,5,8,6,-1,0,4554
38,28,297,4,144,4,623
61,20,180,1,-1,0,967
43,19,87,1,-1,0,1577
42,28,59,5,-1,0,1
36,28,81,4,-1,0,0
31,3,207,1,-1,0,1166
59,21,216,4,-1,0,3534
29,30,322,2,-1,0,200
33,20,137,1,272,2,4790
44,10,73,1,-1,0,-237
43,6,371,2,-1,0,1335
42,5,298,5,-1,0,603
32,7,101,2,-1,0,577
43,17,110,1,-1,0,0
39,30,107,2,-1,0,163
23,16,743,1,-1,0,1158
43,31,644,2,-1,0,642
46,29,169,1,-1,0,466
31,4,380,1,-1,0,119
38,21,663,4,-1,0,3436
53,11,238,2,361,5,238
37,9,514,1,-1,0,378
49,5,128,1,-1,0,32
31,30,130,1,2,1,315
45,5,131,5,356,3,6945
58,2,111,4,-1,0,3496
35,16,169,1,-1,0,0
32,16,346,1,234,3,309
28,4,205,6,-1,0,0
26,28,576,3,-1,0,668
48,18,1476,3,-1,0,1175
30,28,171,3,-1,0,363
31,20,185,2,-1,0,38
31,27,676,6,-1,0,1183
45,21,362,1,-1,0,942
38,12,193,2,-1,0,4196
34,26,63,4,-1,0,297
42,5,43,1,-1,0,-91
60,29,816,6,-1,0,362
42,13,951,3,370,4,1080
32,26,1234,3,-1,0,620
42,29,85,4,-1,0,-166
33,17,306,1,-1,0,288
42,16,509,2,-1,0,642
51,30,210,3,-1,0,2506
36,20,129,2,-1,0,566
46,15,1263,2,-1,0,668
40,29,660,2,-1,0,1100
49,14,356,2,-1,0,322
38,20,45,4,153,1,1205
32,7,624,5,-1,0,473
33,30,329,5,-1,0,-333
57,9,153,1,-1,0,-3313
57,19,151,11,-1,0,295
28,6,129,4,211,3,1137
44,3,345,2,249,7,1136
