first,last,gender,address,zip,housetype,year,parking,miles,price,zestimate,days,assessment,taxes,bed,bath,sqft,walkscore,transitscore,bikescore,wtp,,,,,,
Mandi,N,female,189 Mary Ave,15209,House,1950,2,5.8,375000,365100,18,125800,4307,3,2,1626,29,10,20,200000,,,,,,
Mehul,,male,"4041 Liberty Ave Penthouse 400, Pittsburgh",15224,Condo,1920,2,1.9,1375000,1341800,105,1085400,1788,3,3,2930,90,57,88,1300000,,,,,,
Ron,L,male,703 Saint James St,15232,Condo,1900,1,1.1,949000,911700,25,460400,11331,5,4,3462,93,71,90,800000,,,,,,
Jonathan,W,male,5448 Northumberland St,15217,House,1985,2,0.9,1421400,1399900,10,679700,16728,4,3,3386,60,58,63,800000,,,,,,
Khurshida(Kira for short),S,female,4674 Wilburke Ave,15236,House,1950,1,10.6,289000,289000,9,164400,6037,3,4,2176,47,34,21,270000,,,,,,
Sonia,B,female,1690 Shelburne Ln,15217,House,2017,3,3.6,1950000,1844200,148,609200,14993,5,5,5578,46,49,39,1400000,,,,,,
Sachin,K,male,2121 Magnolia St,15212,House,1900,2,4,305000,302900,65,107600,4208,3,2,2100,46,36,49,303950,,,,,,
Luke,C,male,704 Amberson Ave,15232,House,1913,4,0.7,3800000,3600000,78,1014600,24971,7,5,6335,79,72,81,2000000,,,,,,
Yang,L,male,638-640 Summerlea St,15232,House,1890,1,1.35,680000,658200,19,250000,6153,4,5,2201,96,70,87,600000,,,,,,
Moyang,H,male,1363 Shady Ave,15217,House,1930,2,1.4,1295000,1181900,92,603200,15894,6,8,5531,75,57,87,1145140,,,,,,
Justin,P,male,2012 Collingwood Ave,15213,House,1910,1,4.6,202500,197800,64,98000,3541,2,2,1122,72,52,42,200000,,,,,,
Iris,C,female,2055 Outlook Dr,15241,House,1955,2,13.3,1199000,1155100,106,535700,517700,4,5,4826,7,15,3,1041240,,,,,,
Jing,L,female,149 Anita Ave,15217,House,1955,2,2.65,575000,553700,119,170000,4184,3,3,2000,38,43,47,480000,,,,,,
Samuel,M,male,1 Trimont Ln APT 490E,15211,Condo,1983,4,6,874800,842300,53,505200,12434,2,2,2546,64,64,44,799000,,,,,,
Natasha,T,female,5800 Aylesboro Ave,15217,House,1911,3,1.4,2225000,2122900,69,983700,24210,5,4,3644,90,57,85,2000000,,,,,,
Jacob,V,male,323 Main Street,15201,House,1920,0,2.2,440000,242000,1,101800,2505,3,1,1044,92,54,81,325000,,,,,,
Megan,L,female,2547 Forest Brook Dr,15241,House,2017,2,15,649900,641400,48,295000,12015,4,4,3243,2,0,4,601000,,,,,,
Susana,P,female,149 Anita Ave,15217,House,1955,2,2.65,575000,553700,119,170000,4184,3,3,2000,38,43,47,500000,,,,,,
Vincent,C,male,120 Vernon Dr,15228,House,1930,1,9,875000,844600,4,302300,12123,4,4,2545,45,29,17,840000,,,,,,
Heather,N,female,"316 Cola St, Pittsburgh, PA ",15203,House,2025,3,3.2,2750000,2647400,129,136300,3355,4,5,4000,65,74,61,500000,,,,,,
Jocelyn,W,female,"2313 Tilbury Ave, Pittsburgh, PA 15217",15217,House,1923,0,2.1,450000,433600,8,162600,4002,3,2,1520,77,51,65,455000,,,,,,
Amarachi,O,female,316 Cola St,15203,House,2025,3,3.2,2750000,2647400,129,136300,3355,4,5,4000,65,74,61,1300000,,,,,,
Leah,W,female,3713 Melwood Ave,15213,House,1900,2,1.5,245000,243900,161,51200,1260,3,2,1386,71,61,67,240000,,,,,,
Yichen,W,female,5131 Ellsworth Ave,15232,House,1885,4,0.8,1750000,1737700,7,866800,21333,4,5,4498,85,72,81,1600000,,,,,,
Ruofan,W,male,"3100 Haberlein Rd, Gibsonia, PA 15044",15044,House,1950,2,16.1,350000,350100,3,139300,4489,3,3,1858,7,5,3,400000,,,,,,
Letu,W,male,6 Jaycee Dr,15243,House,1982,3,10.4,1395000,1319900,47,547600,21960,6,4,4992,29,26,8,1200000,,,,,,
Ting-Ting,C,female,"612 Charlotte Dr, Pittsburgh, PA",15236,House,1956,1,10.6,217000,148500,1,96100,3780,3,2,1100,33,15,25,155000,,,,,,
Jack,E,male,"5920 Alder St, Pittsburgh, PA",15232,House,1900,1,1.7,595555,579800,28,290400,7147,4,3,2228,96,68,94,550000,,,,,,
Kylie Kramer,K,female,1416 Severn St ,15217,House,1990,0,1.8,375000,365300,29,2057000,5063,3,2,1456,67,55,85,360000,,,,,,
Isabel,L,female,601 Emerson St,15206,House,1921,2,1.55,1195000,1155200,70,529400,13029,6,4,4600,84,66,84,1000000,,,,,,
Yitong,W,female,941 Penn Ave,15222,Condo,1900,2,3.3,479000,449200,181,337600,8342,2,2,1480,99,93,82,450000,,,,,,
Parth,D,male,307 S Dithridge St APT 505,15213,Condo,1979,1,0.6,375000,345000,8,185600,4891,2,2,1505,90,70,90,1300,,,,,,
Premices,I,female,1005 Hasley Ln,15217,House,2002,2,2.9,885000,853600,31,348000,8565,3,3,2515,23,39,40,700000,,,,,,
Deen,O,male,719 Amberson Ave,15232,House,1885,5,0.6,2725000,2430700,84,670000,16490,8,6,4751,75,72,86,2200000,,,,,,
Joe,H,male,5800 Aylesboro Ave,15217,House,1911,3,1.4,2225000,2122900,69,983700,24210,5,4,3644,90,57,85,2000000,,,,,,
Yang,W,male,858 Monteiro St,15217,House,1920,1,2.7,199900,190600,104,99200,2441,3,2,1260,62,49,60,170000,,,,,,
Durley,G,female,"5706 Darlington Rd, Pittsburgh, PA 15217",15217,House,1930,0,1.4,925000,875000,113,200000,4963,9,3,5048,93,55,78,800000,,,,,,
Trisha,S,female,"1805 McNary Blvd, Pittsburgh, PA 15221",15221,House,1928,3,5,169900,168600,10,61400,2858,3,2,1248,30,37,28,130000,,,,,,
Yingxia,W,female,225 Spring Ave,15202,House,1900,0,12.3,425000,284100,1,146100,553,5,3,9879,60,0,21,300000,,,,,,
Tanisha,K,female,1710 S Shore Ct,15203,House,2001,3,3.2,650000,636700,7,261000,6424,3,4,2160,82,72,90,500000,,,,,,
Eric ,T,male,138 Nottingham Dr,15205,House,2006,2,13,579900,568400,6,263000,754,4,4,2756,22,21,6,500000,,,,,,
Sarah,L,female,1820 Kent Rd,15241,House,1952,2,12.3,724000,709200,36,261600,10655,5,3,2248,5,0,3,650000,,,,,,
Ryan,T,male,"702 Bellefonte St, Pittsburgh",15232,House,2002,2,1,995000,964700,1,550000,13536,4,4,2748,94,71,87,960000,,,,,,
Yu-Hsuan,L,female,113 Biddle Ave,15221,House,1950,1,3.3,495000,481400,1,190600,8871,3,2,1472,79,57,82,480000,,,,,,
wenjun,c,male,712 S Aiken Ave,15232,Condo,1902,2,1.1,450672,438200,141,382500,9414,3,2,1300,93,71,90,430000,,,,,,
Tianyou,L,male,6324 Alderson St,15217,House,1925,1,2,540000,616900,1,304800,8031,4,2,2214,83,51,64,520000,,,,,,
Jin,S,male,216 Republic St,15211,House,1932,0,5.8,200000,196700,8,76100,1873,3,2,1680,55,61,31,190000,,,,,,
Evelyn,S,female,428 Donna St,15224,House,1910,1,1.8,315000,312300,100,56400,1388,3,3,2299,66,51,51,50000,,,,,,
Chavakorn,A,male,2121 Magnolia St,15212,House,1900,2,4,305000,302900,66,107600,4208,3,2,2100,46,36,49,287000,,,,,,
Jesse,X,male,4940 Ellsworth Ave,15213,House,1949,1,0.6,849000,829300,36,363700,8951,3,4,2430,83,72,81,750000,,,,,,
Jani,J,female,5139 Penton Rd,15213,House,1952,2,0.5,1200000,1120300,113,441900,10876,3,3,3080,57,65,57,900000,,,,,,
Raina,Q,female,2434 Smallman St Unit 112,15222,Condo,2010,1,2.9,534900,529400,50,266000,6547,2,2,1324,80,56,83,520000,,,,,,
Sowmya,R,female,831 Alden Dr,15220,House,1958,2,8.6,250000,244400,2,100500,3464,3,3,2784,65,30,20,220000,,,,,,
Snehal,P,female,309 Schenley Rd,15217,House,1982,2,1.1,1450000,1368200,5,655500,16133,4,4,3001,44,60,52,900000,,,,,,
Shawn,L,male,420 Clements Rd,15239,House,1990,3,13.5,360000,350900,2,157000,5702,5,2,2032,3,26,1,345000,,,,,,
Mauricio,P,male,5518 Bartlett St,15217,House,1910,1,1.2,515000,510900,8,176500,4344,5,2,2190,73,54,69,350000,,,,,,
Riya Sri,R,female,1219 Breed St,15203,Condo,1991,1,3.5,72500,307600,44,186500,4590,3,2,1438,91,62,78,200000,,,,,,
Menaka ,A,female,"1911 Fairlawn St, Pittsburgh, PA 15221",15221,House,1920,0,16,85000,122100,5,69900,3253,3,2,944,24,45,20,85000,,,,,,
Teeraphan,W,male,5800 Aylesboro Ave,15217,House,1911,3,1.4,2225000,2120300,71,983700,24210,5,4,3644,90,57,85,2003000,,,,,,
Rita,C,female,4940 Ellsworth Ave,15213,House,1949,1,0.6,849000,831500,37,363700,8951,3,4,2430,83,72,81,800000,,,,,,
Alan,Z,male,5518 Bartlett St,15217,House,1910,1,1.2,515000,510900,8,176500,4344,5,2,2190,73,54,69,450000,,,,,,
Rohan,S,male,7235 Butler St,15206,House,2026,2,5,1625000,1601500,99,82200,2023,3,4,2800,55,46,39,1500000,,,,,,
Vidushi,B,female,5236 Westminster Pl,15232,House,1910,2,4,1499000,1408200,24,504400,12414,5,4,4169,82,70,78,1200000,,,,,,
Harsh,S,male,215 25th St #7,15222,Condo,2015,3,2.7,3100000,2925600,113,1291000,31773,3,5,13484,80,56,83,2900000,,,,,,
Like,C,male,3003 Cobden St,15203,House,1900,2,3.6,324900,312200,75,85000,2240,2,4,1616,54,45,39,315000,,,,,,
Sravana,R,female,722 Bellaire Ave,15226,House,1927,3,6.3,289900,284800,2,73900,1819,3,3,1542,74,38,36,280000,,,,,,
Vanshika,G,female,5640 Aylesboro Ave,15217,House,1901,4,1.3,2100000,1931000,37,647000,15924,5,5,4482,84,57,78,1750000,,,,,,
Frank,P,male,1300 Shady Ave,15217,House,1980,2,1.5,1750000,1645100,105,651660,16038,4,4,4027,70,56,85,1600000,,,,,,
Adam,W,male,306 4th Ave,15222,Condo,1906,0,3.9,295000,278400,42,230000,5661,2,2,1172,99,94,83,278000,,,,,,
Tina,J,female,416 Denniston St,15206,House,1920,2,1.7,1190000,1155100,173,597000,14693,5,4,2952,86,67,91,1030000,,,,,,
Alejandro,T,male,112 Washington Pl APT 18C,15219,Condo,1967,0,3.2,175000,165600,26,93200,2294,1,1,931,98,92,66,120000,,,,,,
Moustafa,G,male,6 Jaycee Dr,15243,House,1982,3,10.4,1395000,1322600,50,547600,21960,6,4,4992,29,26,8,1300000,,,,,,
Derek,C,male,5820 Howe St,15232,House,1900,1,1.3,1299000,1247700,124,497400,11605,5,4,3881,85,67,85,800000,,,,,,
Leo,C,male,"4916 Wallingford St, Pittsburgh, PA",15213,House,1982,2,0.7,1955000,1822800,179,550000,13536,7,4,4901,88,71,86,1700000,,,,,,
Qianxue,G,female,309 Schenley Rd,15217,House,1982,2,1.1,1450000,1367600,8,655500,16133,4,4,3001,44,60,52,1380000,,,,,,
Yinfeng,L,male,120 Wilbert St,15211,House,1955,1,5.6,239900,233500,145,53400,1314,3,2,1232,67,60,49,230000,,,,,,
Anqi,C,female,2025 Borland Rd,15243,House,1952,2,15,295000,295000,5,6204,6204,3,3,1400,35,25,15,255000,,,,,,
Junyou,L,male,552 N Neville St,15213,Condo,1972,1,0.3,229900,217300,35,86700,2134,2,1,1149,88,71,77,220000,,,,,,
Miao,G,female,"4126 Foster St, Pittsburgh",15201,House,1900,1,2.5,699000,680500,57,196600,4839,3,3,2380,93,49,93,650000,,,,,,
Chau,V,female,220 S Millvale Ave,15224,House,1910,2,1.9,595000,1862600,38,260000,6399,4,3,3964,93,55,96,490000,,,,,,
Ahmed,E,male,"5444 Bartlett St, Pittsburgh, PA",15217,House,1930,2,1.2,799000,773500,4,425600,10475,5,4,2234,61,53,60,600000,,,,,,
Zizhang,W,male,"1942 William Penn Hwy, Pittsburgh",15221,House,1940,3,7.4,1299000,1200900,42,532000,1689,5,6,6294,23,36,27,1000000,,,,,,
James,P,male,1270 Beechwood Blvd,15206,House,1908,4,1.7,1975000,1829000,167,834000,20536,7,6,4300,69,56,79,1650000,,,,,,
Donald,T,male,5708 Solway St,15217,House,1916,2,1.2,695000,665400,135,290000,7137,6,3,3712,77,58,80,660000,,,,,,
Akshay,I,male,"746 Montclair St, Pittsburgh, PA 15217",15217,House,2003,1,3,240000,241700,4,76200,1875,3,1,1120,77,49,40,220000,,,,,,
Jiahuei,L,male,"638-640 Summerlea St, Pittsburgh, PA ",15232,House,1890,1,1.35,680000,656500,24,250000,6153,4,5,2201,96,70,87,500000,,,,,,
Aneesha,M,female,6667 Ridgeville St,15217,House,1922,1,2.2,425000,404300,1,175900,4329,3,3,1500,55,52,81,405000,,,,,,
Jiesen,L,male,2121 Magnolia St,15212,House,1900,2,4,305000,302800,70,107600,4208,3,2,2100,46,36,49,250000,,,,,,
Zipu,W,male,1156 S Negley Ave,15217,House,1929,2,5,680000,656400,96,277900,884,4,4,1962,72,57,73,550000,,,,,,
Yuxuan,C,male,"400 Devonshire St, Pittsburgh, PA 15213",15213,House,1897,5,0.7,2950000,2600000,151,576400,14186,8,6,5208,88,71,86,2400000,,,,,,
Yutong,L,female,"602 S Dallas Ave,",15217,House,1930,0,1.9,529000,487600,173,245400,6040,5,3,3750,59,52,82,500000,,,,,,
Griffin,L,male,128 N Craig St APT 814,15213,Condo,1957,1,0.5,250000,240300,13,107900,2224,2,2,1342,88,71,79,235000,,,,,,
Logan,M,male,601 Emerson St,15206,House,1921,2,1.55,1195000,1126900,75,529400,13029,6,4,4600,84,66,84,1000000,,,,,,
Chinny,O,female,"1830 Wittmer St, Pittsburgh, PA 15212",15212,House,1923,2,15,325000,321400,5,63700,63700,3,2,4199,61,42,46,150000,,,,,,
Shu,P,male,113 Hemlock St,15212,House,1910,2,5.2,575000,553300,3,82000,2018,3,2,2028,86,55,59,550000,,,,,,
Shuhao,Y,male,6925 Rosewood St,15208,House,1929,1,2.3,899000,848700,91,519500,12786,5,3,5227,66,60,93,600000,,,,,,
Jianing,S,female,"5217 Broad St, Pittsburgh, PA",15224,Condo,2025,2,1.9,595000,580100,33,26300,647,3,3,2500,89,58,75,580100,,,,,,
Matt,L,male,4618 Carlton St,15201,House,2019,2,2.5,849000,826700,27,449500,11063,3,4,1982,88,48,67,600000,,,,,,
Jiayu,L,female,909 Stanton Avenue Ext,15209,House,1900,4,4.2,372500,340000,43,28000,1095,4,3,2344,45,28,26,360000,,,,,,
Han,Y,male,1060 Fox Chapel Rd,15238,House,2000,4,9.5,1790000,1700600,18,1293500,39794,5,6,7432,7,0,4,1666666,,,,,,
Rachel,C,female,6022 Jackson St,15206,House,1898,2,2.8,725000,702700,20,146700,3610,5,2,2880,71,49,94,700000,,,,,,
Juan Ignacio,D,male,106 Vermillion Dr,15209,House,1965,1,4.4,314900,307200,5,107800,3691,3,2,1447,22,29,35,307200,,,,,,
Andy,N,male,904 Lindenwood Dr,15234,House,1965,2,9.3,259000,305900,1,154400,6108,3,3,7618,40,45,9,250000,,,,,,
Zhiheng,P,male,400 Devonshire St,15213,House,1897,5,0.7,2950000,2600000,153,576400,14186,8,6,5208,88,71,86,300000,,,,,,
Zhaohan,L,female,"540 N Neville St APT 305, Pittsburgh, PA 15213",15213,Condo,1973,2,1.3,395000,377400,118,142800,3628,2,2,1680,88,71,77,375000,,,,,,
Anav,B,male,"5459 Hayes Street, Pittsburgh",15206,House,1920,5,2.6,529900,520600,6,156900,3862,7,4,5318,55,51,65,350000,,,,,,
Joshua,K,male,16 Clarion Ave,15202,House,1920,2,9.3,259000,251100,2,88900,2700,3,1,5841,54,40,40,275000,,,,,,
Jiaxin,Y,male,"1304 Cochran Rd, Pittsburgh",15243,House,1954,2,8.6,399000,389900,23,120500,4832,3,3,1302,69,38,30,350000,,,,,,
Waniya,M,female,116 Hawthorne Dr,15235,House,1967,2,9.4,359900,356800,19,223500,8935,4,3,2728,38,24,12,340000,,,,,,
Collin,G,male,349 Crescent Garden Dr,15235,House,1965,2,9.8,219900,218200,2,84800,3803,3,3,1372,16,23,9,219900,,,,,,
Faith,A,female,5516 Claybourne St,15232,House,2012,2,1.2,755000,733100,5,394800,9716,4,3,2460,94,70,86,600000,,,,,,
Chandra,C,male,122 Radcliff Dr,15237,House,1997,3,7.3,875000,845400,7,476700,14478,4,5,3707,6,26,3,825000,,,,,,
Shanmukh,R,male,"5430 Aylesboro Ave, Pittsburgh, PA 15217",15217,House,1900,2,1.5,1300000,1236800,63,767800,18897,4,4,2666,65,57,64,1000000,,,,,,
Yen-Chu,C,female,3260 McRoberts Rd,15234,House,1920,0,9.3,199900,108500,4,61600,2320,3,2,1400,32,43,12,100000,,,,,,
Nibedita,B,female,"919 Eleanor St, Pittsburgh, PA 15203",15203,House,1900,1,2.8,339000,331000,151,148400,3766,3,3,1877,79,49,62,330000,,,,,,
