date,revenue,customers,foot_traffic,avg_transaction,marketing_spend,is_promotion
2021-01-01,524.84,25,58,20.99,152.99,1
2021-01-02,584.18,18,36,32.45,318.58,0
2021-01-03,666.37,26,54,25.63,467.68,0
2021-01-04,692.17,41,81,16.88,468.11,0
2021-01-05,557.12,34,97,16.39,203.86,0
2021-01-06,532.16,24,97,22.17,287.45,0
2021-01-07,652.06,21,62,31.05,145.24,0
2021-01-08,682.81,23,52,29.69,498.03,0
2021-01-09,687.07,22,79,31.23,491.5,0
2021-01-10,751.46,29,72,25.91,342.28,1
2021-01-11,651.22,27,99,24.12,411.99,0
2021-01-12,570.48,31,112,18.4,371.8,0
2021-01-13,547.46,25,91,21.9,316.92,0
2021-01-14,436.93,18,48,24.27,74.01,0
2021-01-15,488.54,29,75,16.85,254.64,0
2021-01-16,587.75,30,92,19.59,353.65,0
2021-01-17,559.19,20,58,27.96,354.89,0
2021-01-18,561.86,18,37,31.21,217.91,0
2021-01-19,413.04,11,20,37.55,473.76,0
2021-01-20,329.32,9,41,36.59,125.31,0
2021-01-21,477.32,17,44,28.08,275.16,0
2021-01-22,448.47,19,64,23.6,360.9,0
2021-01-23,523.83,18,60,29.1,363.71,0
2021-01-24,468.0,15,67,31.2,341.89,0
2021-01-25,477.26,27,73,17.68,173.88,0
2021-01-26,454.1,19,70,23.9,120.29,0
2021-01-27,365.73,11,52,33.25,336.17,0
2021-01-28,479.4,21,59,22.83,319.69,0
2021-01-29,518.07,19,68,27.27,130.71,0
2021-01-30,623.11,23,73,27.09,367.31,0
2021-01-31,651.16,34,105,19.15,254.83,1
2021-02-01,758.66,34,103,22.31,350.49,0
2021-02-02,622.91,28,58,22.25,426.82,1
2021-02-03,552.21,35,83,15.78,126.38,0
2021-02-04,683.35,44,74,15.53,58.62,0
2021-02-05,661.47,20,75,33.07,400.6,1
2021-02-06,808.68,39,149,20.74,324.36,0
2021-02-07,723.85,28,78,25.85,364.84,0
2021-02-08,715.04,34,86,21.03,427.17,0
2021-02-09,719.52,21,58,34.26,411.26,0
2021-02-10,695.94,34,63,20.47,482.41,0
2021-02-11,671.08,28,72,23.97,291.17,0
2021-02-12,703.38,21,65,33.49,269.82,0
2021-02-13,737.64,23,54,32.07,230.85,0
2021-02-14,673.03,35,69,19.23,119.16,1
2021-02-15,645.36,20,52,32.27,307.67,0
2021-02-16,566.54,23,63,24.63,174.66,0
2021-02-17,577.83,23,85,25.12,464.59,0
2021-02-18,538.38,30,60,17.95,312.44,0
2021-02-19,479.42,28,102,17.12,316.78,0
2021-02-20,633.99,21,58,30.19,209.72,0
2021-02-21,606.15,24,87,25.26,73.4,0
2021-02-22,545.38,22,54,24.79,64.28,0
2021-02-23,542.67,18,58,30.15,240.5,0
2021-02-24,527.8,17,52,31.05,88.05,1
2021-02-25,550.65,30,73,18.36,323.08,0
2021-02-26,541.56,19,44,28.5,446.44,0
2021-02-27,651.34,36,123,18.09,447.31,0
2021-02-28,722.57,24,45,30.11,346.57,0
2021-03-01,737.35,26,81,28.36,145.05,1
2021-03-02,622.08,18,72,34.56,438.35,0
2021-03-03,620.31,37,110,16.77,448.74,0
2021-03-04,615.42,38,125,16.2,138.49,0
2021-03-05,696.99,33,68,21.12,381.84,0
2021-03-06,880.35,43,87,20.47,178.93,0
2021-03-07,939.41,47,89,19.99,411.19,0
2021-03-08,836.54,25,78,33.46,498.76,1
2021-03-09,827.68,41,105,20.19,63.51,0
2021-03-10,753.82,36,71,20.94,453.81,1
2021-03-11,715.18,23,54,31.09,330.18,0
2021-03-12,819.26,34,106,24.1,488.02,0
2021-03-13,927.25,30,76,30.91,259.25,0
2021-03-14,846.66,51,93,16.6,431.32,0
2021-03-15,862.91,34,78,25.38,78.08,0
2021-03-16,561.6,35,86,16.05,200.88,0
2021-03-17,666.58,41,72,16.26,80.16,0
2021-03-18,621.4,18,45,34.52,488.9,0
2021-03-19,641.8,36,99,17.83,417.64,0
2021-03-20,703.12,27,59,26.04,433.65,0
2021-03-21,596.86,25,75,23.87,472.08,0
2021-03-22,628.07,28,77,22.43,88.3,0
2021-03-23,578.06,17,40,34.0,223.52,0
2021-03-24,586.33,37,129,15.85,81.97,0
2021-03-25,502.63,17,53,29.57,144.86,1
2021-03-26,556.49,16,46,34.78,153.21,0
2021-03-27,645.13,24,64,26.88,261.1,0
2021-03-28,746.67,22,58,33.94,170.85,1
2021-03-29,693.13,43,94,16.12,95.44,0
2021-03-30,602.88,25,65,24.12,125.37,1
2021-03-31,635.92,31,60,20.51,116.27,0
2021-04-01,655.76,22,55,29.81,487.88,0
2021-04-02,787.03,22,64,35.77,391.68,0
2021-04-03,790.04,39,92,20.26,485.49,0
2021-04-04,846.0,30,81,28.2,247.88,0
2021-04-05,818.16,43,113,19.03,175.27,0
2021-04-06,709.87,26,70,27.3,409.23,0
2021-04-07,764.67,31,75,24.67,196.81,0
2021-04-08,783.42,22,76,35.61,184.72,0
2021-04-09,832.95,30,86,27.76,154.63,0
2021-04-10,878.02,39,137,22.51,108.36,0
2021-04-11,823.88,47,155,17.53,165.41,0
2021-04-12,815.2,45,116,18.12,209.89,1
2021-04-13,730.57,37,100,19.75,353.3,0
2021-04-14,642.07,32,81,20.06,78.15,1
2021-04-15,665.14,20,66,33.26,144.73,0
2021-04-16,730.38,27,71,27.05,414.06,0
2021-04-17,841.39,33,94,25.5,116.11,0
2021-04-18,746.66,43,73,17.36,204.19,0
2021-04-19,685.0,21,42,32.62,439.1,0
2021-04-20,579.48,19,66,30.5,119.72,0
2021-04-21,428.32,26,65,16.47,87.23,0
2021-04-22,527.2,18,57,29.29,268.04,0
2021-04-23,587.85,22,46,26.72,186.09,0
2021-04-24,769.46,46,140,16.73,303.53,0
2021-04-25,656.21,27,51,24.3,411.71,0
2021-04-26,646.63,26,55,24.87,111.72,0
2021-04-27,573.9,31,66,18.51,311.31,0
2021-04-28,491.26,14,39,35.09,277.48,0
2021-04-29,642.65,20,46,32.13,114.84,0
2021-04-30,708.11,24,77,29.5,330.8,0
2021-05-01,796.1,32,107,24.88,173.14,0
2021-05-02,749.97,32,82,23.44,269.53,0
2021-05-03,844.59,30,68,28.15,87.02,0
2021-05-04,655.05,25,91,26.2,256.81,0
2021-05-05,728.18,44,136,16.55,187.91,1
2021-05-06,836.83,33,89,25.36,420.07,1
2021-05-07,748.77,24,60,31.2,75.64,0
2021-05-08,835.93,34,67,24.59,238.37,0
2021-05-09,882.82,55,101,16.05,256.29,0
2021-05-10,802.25,26,71,30.86,376.25,0
2021-05-11,668.31,35,81,19.09,308.43,0
2021-05-12,689.24,34,94,20.27,350.25,0
2021-05-13,627.45,34,99,18.45,399.67,1
2021-05-14,742.97,34,90,21.85,437.99,0
2021-05-15,709.87,23,76,30.86,191.24,0
2021-05-16,821.65,32,97,25.68,292.11,0
2021-05-17,634.53,33,70,19.23,428.05,0
2021-05-18,562.04,17,39,33.06,495.25,0
2021-05-19,551.5,16,51,34.47,450.28,1
2021-05-20,443.74,13,41,34.13,217.16,0
2021-05-21,562.06,28,97,20.07,137.82,0
2021-05-22,665.96,27,62,24.67,270.23,0
2021-05-23,527.99,15,54,35.2,383.74,0
2021-05-24,571.8,18,61,31.77,271.66,0
2021-05-25,508.81,32,88,15.9,267.43,0
2021-05-26,499.25,30,75,16.64,427.2,0
2021-05-27,425.89,17,46,25.05,212.63,0
2021-05-28,500.25,15,40,33.35,436.91,0
2021-05-29,673.95,26,68,25.92,233.06,0
2021-05-30,699.29,28,104,24.97,197.7,0
2021-05-31,675.88,39,72,17.33,254.3,0
2021-06-01,633.42,22,68,28.79,393.1,0
2021-06-02,559.86,17,67,32.93,106.7,0
2021-06-03,639.8,28,80,22.85,138.39,0
2021-06-04,721.16,23,53,31.35,478.15,0
2021-06-05,745.18,21,72,35.48,128.97,0
2021-06-06,896.91,47,164,19.08,305.48,0
2021-06-07,786.3,30,108,26.21,310.69,0
2021-06-08,630.64,30,98,21.02,270.33,0
2021-06-09,671.53,21,63,31.98,340.14,0
2021-06-10,592.18,22,61,26.92,153.42,0
2021-06-11,725.02,26,65,27.89,298.7,0
2021-06-12,784.43,25,80,31.38,217.48,0
2021-06-13,676.1,29,91,23.31,347.75,0
2021-06-14,695.05,20,39,34.75,113.55,0
2021-06-15,570.02,22,80,25.91,306.89,0
2021-06-16,519.11,28,76,18.54,133.37,0
2021-06-17,561.27,19,53,29.54,175.39,0
2021-06-18,491.8,15,58,32.79,148.42,0
2021-06-19,507.09,23,63,22.05,132.28,0
2021-06-20,497.8,15,32,33.19,421.57,0
2021-06-21,444.78,13,54,34.21,178.57,0
2021-06-22,403.84,19,68,21.25,467.21,0
2021-06-23,378.23,10,24,37.82,486.47,1
2021-06-24,392.42,22,87,17.84,307.07,1
2021-06-25,489.44,25,97,19.58,114.35,1
2021-06-26,522.75,27,75,19.36,218.55,0
2021-06-27,625.59,19,54,32.93,408.98,0
2021-06-28,514.85,18,79,28.6,215.33,0
2021-06-29,615.24,34,127,18.1,89.16,0
2021-06-30,488.89,20,70,24.44,300.55,0
2021-07-01,451.86,16,51,28.24,430.3,0
2021-07-02,524.29,31,99,16.91,408.17,0
2021-07-03,682.93,20,77,34.15,128.81,0
2021-07-04,678.43,21,71,32.31,352.74,0
2021-07-05,693.48,27,92,25.68,149.23,1
2021-07-06,618.94,18,50,34.39,148.19,0
2021-07-07,550.28,23,49,23.93,443.33,0
2021-07-08,523.75,15,45,34.92,162.35,1
2021-07-09,544.4,19,42,28.65,168.46,0
2021-07-10,646.89,23,68,28.13,50.29,0
2021-07-11,709.48,38,72,18.67,441.8,0
2021-07-12,612.19,18,41,34.01,406.67,0
2021-07-13,444.81,18,65,24.71,332.3,1
2021-07-14,445.38,24,77,18.56,387.62,0
2021-07-15,443.27,29,71,15.29,118.42,0
2021-07-16,414.2,15,46,27.61,256.25,0
2021-07-17,501.57,19,79,26.4,208.05,0
2021-07-18,487.34,16,54,30.46,92.2,1
2021-07-19,362.19,11,49,32.93,268.76,0
2021-07-20,349.91,21,75,16.66,464.33,0
2021-07-21,303.45,10,27,30.34,68.03,0
2021-07-22,336.68,17,64,19.8,181.16,0
2021-07-23,394.68,12,39,32.89,143.39,1
2021-07-24,337.79,10,32,33.78,157.17,0
2021-07-25,382.39,14,49,27.31,458.8,0
2021-07-26,423.47,14,45,30.25,260.63,0
2021-07-27,369.62,17,64,21.74,259.83,0
2021-07-28,345.15,14,45,24.65,392.26,0
2021-07-29,548.39,17,59,32.26,119.52,1
2021-07-30,468.86,19,40,24.68,269.27,0
2021-07-31,581.69,26,59,22.37,243.49,1
2021-08-01,609.05,24,75,25.38,318.61,0
2021-08-02,569.52,18,42,31.64,499.8,0
2021-08-03,467.59,21,57,22.27,396.25,0
2021-08-04,489.98,26,99,18.85,229.04,0
2021-08-05,436.29,14,33,31.16,422.4,1
2021-08-06,528.13,16,41,33.01,126.82,0
2021-08-07,575.57,33,69,17.44,63.71,0
2021-08-08,611.51,30,92,20.38,142.0,0
2021-08-09,667.04,37,116,18.03,203.19,0
2021-08-10,371.2,16,51,23.2,279.76,0
2021-08-11,434.4,18,71,24.13,326.81,0
2021-08-12,310.67,10,34,31.07,459.77,0
2021-08-13,403.92,14,37,28.85,279.43,0
2021-08-14,517.13,18,61,28.73,275.57,0
2021-08-15,454.0,20,47,22.7,72.61,0
2021-08-16,327.41,10,39,32.74,65.71,0
2021-08-17,252.07,10,44,25.21,298.02,0
2021-08-18,257.62,7,22,36.8,247.18,1
2021-08-19,185.6,6,27,30.93,427.63,0
2021-08-20,283.1,16,50,17.69,122.31,0
2021-08-21,329.75,11,26,29.98,61.24,0
2021-08-22,308.24,14,45,22.02,252.07,0
2021-08-23,407.9,14,43,29.14,156.87,0
2021-08-24,271.18,16,55,16.95,72.33,0
2021-08-25,107.73,5,28,21.55,376.07,0
2021-08-26,250.5,7,26,35.79,100.22,0
2021-08-27,290.49,14,36,20.75,323.74,0
2021-08-28,450.8,14,36,32.2,176.47,0
2021-08-29,407.18,19,69,21.43,128.07,1
2021-08-30,421.02,15,46,28.07,220.89,0
2021-08-31,404.78,14,48,28.91,410.65,0
2021-09-01,399.65,15,48,26.64,226.44,1
2021-09-02,328.87,15,39,21.92,387.85,0
2021-09-03,447.95,23,68,19.48,106.47,0
2021-09-04,512.21,32,100,16.01,397.75,0
2021-09-05,522.55,24,49,21.77,156.62,1
2021-09-06,598.85,21,60,28.52,354.83,0
2021-09-07,454.89,13,34,34.99,304.6,1
2021-09-08,316.87,9,39,35.21,468.12,0
2021-09-09,425.32,14,51,30.38,224.3,0
2021-09-10,528.3,17,55,31.08,79.77,1
2021-09-11,513.55,18,51,28.53,58.62,0
2021-09-12,376.52,18,52,20.92,422.09,0
2021-09-13,359.08,10,21,35.91,286.13,0
2021-09-14,351.35,12,29,29.28,398.86,0
2021-09-15,184.62,7,32,26.37,155.49,1
2021-09-16,235.12,13,39,18.09,205.29,0
2021-09-17,294.82,12,30,24.57,63.55,0
2021-09-18,256.85,10,31,25.69,482.67,0
2021-09-19,304.84,9,30,33.87,350.54,0
2021-09-20,100.0,3,17,33.33,469.94,0
2021-09-21,137.59,6,29,22.93,169.47,0
2021-09-22,137.66,3,15,45.89,325.16,0
2021-09-23,113.16,6,31,18.86,355.32,1
2021-09-24,334.12,14,54,23.87,192.9,0
2021-09-25,261.9,16,45,16.37,431.65,0
2021-09-26,348.36,11,29,31.67,476.22,1
2021-09-27,357.32,10,42,35.73,448.18,0
2021-09-28,378.27,18,44,21.01,382.58,0
2021-09-29,216.04,6,11,36.01,174.86,0
2021-09-30,385.31,18,55,21.41,176.73,1
2021-10-01,412.01,12,39,34.33,483.51,0
2021-10-02,443.75,14,37,31.7,54.63,1
2021-10-03,546.32,17,32,32.14,372.22,0
2021-10-04,500.34,32,72,15.64,367.81,0
2021-10-05,396.48,11,32,36.04,330.21,0
2021-10-06,387.07,13,25,29.77,495.55,0
2021-10-07,374.98,17,33,22.06,190.35,0
2021-10-08,452.76,14,55,32.34,202.99,0
2021-10-09,528.54,25,85,21.14,85.52,0
2021-10-10,572.14,17,42,33.66,249.26,0
2021-10-11,366.61,21,66,17.46,167.47,0
2021-10-12,442.6,15,64,29.51,204.52,0
2021-10-13,170.89,6,29,28.48,425.56,0
2021-10-14,252.25,14,58,18.02,470.97,0
2021-10-15,328.84,16,61,20.55,133.58,0
2021-10-16,355.25,23,83,15.45,217.63,0
2021-10-17,307.88,12,39,25.66,467.88,0
2021-10-18,271.66,12,50,22.64,77.81,0
2021-10-19,178.92,6,33,29.82,91.56,1
2021-10-20,126.78,6,23,21.13,123.26,0
2021-10-21,215.42,10,26,21.54,317.85,0
2021-10-22,259.85,8,23,32.48,117.71,0
2021-10-23,281.46,17,50,16.56,485.63,0
2021-10-24,392.69,11,56,35.7,251.02,0
2021-10-25,339.9,10,44,33.99,275.68,0
2021-10-26,319.0,11,40,29.0,161.0,0
2021-10-27,291.99,10,30,29.2,261.93,0
2021-10-28,261.08,7,29,37.3,347.86,0
2021-10-29,363.69,19,66,19.14,388.03,0
2021-10-30,517.21,31,72,16.68,389.24,0
2021-10-31,549.32,27,81,20.35,310.05,0
2021-11-01,494.95,16,32,30.93,456.96,1
2021-11-02,449.08,28,79,16.04,417.83,0
2021-11-03,475.95,17,65,28.0,390.67,0
2021-11-04,405.14,11,41,36.83,75.02,1
2021-11-05,526.66,16,59,32.92,53.1,0
2021-11-06,548.62,21,45,26.12,145.6,0
2021-11-07,555.23,34,86,16.33,348.59,0
2021-11-08,565.2,17,33,33.25,235.04,1
2021-11-09,465.71,17,49,27.39,231.08,0
2021-11-10,402.38,23,95,17.49,448.06,0
2021-11-11,420.89,24,81,17.54,453.0,0
2021-11-12,396.64,11,53,36.06,459.13,1
2021-11-13,469.7,16,59,29.36,191.25,0
2021-11-14,414.14,13,45,31.86,360.98,0
2021-11-15,383.36,11,29,34.85,172.23,1
2021-11-16,275.12,10,33,27.51,135.77,0
2021-11-17,231.04,9,30,25.67,133.08,0
2021-11-18,263.82,11,46,23.98,203.95,0
2021-11-19,253.16,11,45,23.01,243.48,0
2021-11-20,463.95,19,56,24.42,423.93,1
2021-11-21,332.44,10,37,33.24,103.95,0
2021-11-22,291.74,10,22,29.17,380.72,0
2021-11-23,358.51,10,43,35.85,289.15,0
2021-11-24,318.41,13,32,24.49,179.58,0
2021-11-25,350.11,12,45,29.18,271.77,1
2021-11-26,439.66,15,48,29.31,184.97,0
2021-11-27,498.09,18,52,27.67,318.24,0
2021-11-28,497.24,17,48,29.25,245.23,0
2021-11-29,529.51,26,61,20.37,123.98,1
2021-11-30,447.23,17,65,26.31,102.46,0
2021-12-01,508.3,29,60,17.53,296.01,0
2021-12-02,485.52,21,83,23.12,456.09,0
2021-12-03,527.51,21,48,25.12,204.78,0
2021-12-04,623.66,22,55,28.35,379.85,0
2021-12-05,679.04,19,66,35.74,346.4,0
2021-12-06,584.95,21,77,27.85,469.2,0
2021-12-07,495.66,16,33,30.98,419.44,0
2021-12-08,494.22,19,43,26.01,304.97,0
2021-12-09,494.4,17,39,29.08,345.66,1
2021-12-10,500.97,30,55,16.7,454.27,0
2021-12-11,544.81,27,84,20.18,229.78,1
2021-12-12,573.84,25,96,22.95,197.06,0
2021-12-13,425.0,17,39,25.0,54.86,0
2021-12-14,337.17,21,75,16.06,421.95,1
2021-12-15,310.05,17,49,18.24,410.44,0
2021-12-16,335.56,16,57,20.97,97.0,0
2021-12-17,413.05,11,29,37.55,309.59,1
2021-12-18,527.1,24,56,21.96,258.79,0
2021-12-19,509.95,20,46,25.5,103.42,0
2021-12-20,419.3,22,43,19.06,491.26,0
2021-12-21,365.67,13,51,28.13,146.61,0
2021-12-22,286.95,13,41,22.07,80.26,0
2021-12-23,369.89,19,49,19.47,317.68,0
2021-12-24,441.13,17,46,25.95,382.49,0
2021-12-25,559.53,37,80,15.12,64.6,0
2021-12-26,544.91,35,91,15.57,346.42,0
2021-12-27,597.49,30,111,19.92,289.53,0
2021-12-28,607.27,38,126,15.98,96.47,0
2021-12-29,509.35,29,85,17.56,127.64,0
2021-12-30,575.64,26,71,22.14,305.59,0
2021-12-31,674.84,21,61,32.14,183.36,0
2022-01-01,701.16,26,59,26.97,472.24,0
2022-01-02,761.67,30,85,25.39,418.43,0
2022-01-03,716.62,34,75,21.08,492.61,1
2022-01-04,655.04,19,66,34.48,166.85,0
2022-01-05,566.59,24,80,23.61,486.38,0
2022-01-06,615.29,36,82,17.09,244.06,0
2022-01-07,690.35,25,80,27.61,206.38,0
2022-01-08,785.48,45,142,17.46,72.66,1
2022-01-09,758.17,34,78,22.3,73.74,1
2022-01-10,754.28,29,66,26.01,361.41,0
2022-01-11,517.43,15,39,34.5,256.07,0
2022-01-12,534.72,21,56,25.46,151.93,1
2022-01-13,495.38,17,50,29.14,326.29,1
2022-01-14,640.04,18,53,35.56,163.79,0
2022-01-15,537.54,30,96,17.92,309.93,0
2022-01-16,540.16,26,70,20.78,211.64,0
2022-01-17,502.16,21,68,23.91,420.6,1
2022-01-18,354.75,15,64,23.65,419.31,0
2022-01-19,394.81,17,38,23.22,264.81,0
2022-01-20,407.22,12,45,33.94,207.87,0
2022-01-21,528.85,18,52,29.38,213.15,0
2022-01-22,619.09,22,74,28.14,412.57,0
2022-01-23,733.26,34,116,21.57,197.68,1
2022-01-24,668.76,21,47,31.85,144.08,0
2022-01-25,550.14,16,54,34.38,88.11,0
2022-01-26,519.02,16,59,32.44,260.01,0
2022-01-27,632.2,42,119,15.05,266.96,0
2022-01-28,631.24,22,70,28.69,428.41,0
2022-01-29,876.31,54,110,16.23,149.56,0
2022-01-30,880.99,43,114,20.49,221.45,0
2022-01-31,773.18,47,145,16.45,413.78,0
2022-02-01,654.89,24,75,27.29,420.63,0
2022-02-02,773.28,26,64,29.74,223.07,0
2022-02-03,718.37,41,141,17.52,256.61,1
2022-02-04,846.35,37,135,22.87,186.48,1
2022-02-05,760.09,31,74,24.52,469.65,0
2022-02-06,813.51,36,103,22.6,103.39,0
2022-02-07,784.75,45,88,17.44,470.19,1
2022-02-08,698.59,29,96,24.09,357.74,0
2022-02-09,609.46,20,41,30.47,289.21,0
2022-02-10,656.43,39,139,16.83,64.7,1
2022-02-11,612.3,36,105,17.01,264.02,0
2022-02-12,700.0,31,59,22.58,233.49,0
2022-02-13,709.56,20,47,35.48,122.55,1
2022-02-14,670.02,23,57,29.13,345.38,0
2022-02-15,598.34,20,64,29.92,487.02,0
2022-02-16,455.63,20,43,22.78,302.98,0
2022-02-17,447.93,16,52,28.0,371.64,0
2022-02-18,653.57,42,156,15.56,80.8,0
2022-02-19,676.53,24,91,28.19,237.95,0
2022-02-20,650.56,19,69,34.24,102.36,1
2022-02-21,739.37,27,84,27.38,325.76,0
2022-02-22,619.15,19,62,32.59,472.32,0
2022-02-23,653.05,22,66,29.68,347.8,0
2022-02-24,639.0,36,139,17.75,84.56,0
2022-02-25,828.35,25,99,33.13,209.6,0
2022-02-26,902.71,55,130,16.41,297.8,1
2022-02-27,843.89,32,115,26.37,231.44,1
2022-02-28,885.4,49,170,18.07,425.14,0
2022-03-01,820.3,53,96,15.48,416.6,0
2022-03-02,829.86,35,90,23.71,325.32,0
2022-03-03,740.73,35,69,21.16,218.06,0
2022-03-04,892.87,36,119,24.8,164.9,0
2022-03-05,975.82,36,119,27.11,97.64,0
2022-03-06,846.93,53,180,15.98,209.7,1
2022-03-07,823.9,47,132,17.53,235.93,0
2022-03-08,698.56,26,55,26.87,354.12,0
2022-03-09,726.7,33,57,22.02,346.17,0
2022-03-10,771.28,26,88,29.66,81.55,0
2022-03-11,850.68,30,58,28.36,227.87,0
2022-03-12,818.27,25,75,32.73,131.8,0
2022-03-13,887.85,30,61,29.59,120.57,0
2022-03-14,671.57,28,88,23.98,422.29,0
2022-03-15,565.5,19,65,29.76,68.86,0
2022-03-16,587.15,28,118,20.97,238.63,0
2022-03-17,610.96,28,104,21.82,125.69,0
2022-03-18,643.54,20,78,32.18,445.7,0
2022-03-19,600.14,25,91,24.01,300.67,0
2022-03-20,715.47,23,87,31.11,154.12,0
2022-03-21,617.53,19,44,32.5,276.09,0
2022-03-22,657.86,20,46,32.89,379.17,0
2022-03-23,614.95,18,43,34.16,481.15,0
2022-03-24,584.45,24,50,24.35,149.2,0
2022-03-25,690.68,32,95,21.58,448.78,0
2022-03-26,750.43,28,75,26.8,470.44,0
2022-03-27,841.2,37,102,22.74,462.39,0
2022-03-28,874.25,32,76,27.32,335.94,1
2022-03-29,732.08,25,64,29.28,333.42,0
2022-03-30,785.38,27,93,29.09,231.44,1
2022-03-31,768.07,34,108,22.59,388.58,0
2022-04-01,832.48,45,83,18.5,289.08,0
2022-04-02,939.72,39,92,24.1,354.85,1
2022-04-03,914.11,51,172,17.92,242.81,0
2022-04-04,894.98,27,60,33.15,379.17,0
2022-04-05,788.15,35,107,22.52,421.01,0
2022-04-06,892.75,49,146,18.22,115.9,0
2022-04-07,796.88,51,181,15.63,424.82,0
2022-04-08,803.87,28,83,28.71,293.13,0
2022-04-09,890.16,32,100,27.82,430.1,1
2022-04-10,865.15,39,90,22.18,244.09,0
2022-04-11,791.15,48,136,16.48,220.57,1
2022-04-12,738.14,31,114,23.81,461.78,1
2022-04-13,677.71,31,105,21.86,163.03,0
2022-04-14,606.52,21,55,28.88,429.9,0
2022-04-15,647.58,23,62,28.16,267.81,1
2022-04-16,709.79,31,88,22.9,281.34,1
2022-04-17,613.01,31,60,19.77,188.81,0
2022-04-18,603.1,17,64,35.48,307.87,0
2022-04-19,676.98,28,78,24.18,196.35,0
2022-04-20,651.96,22,50,29.63,67.67,0
2022-04-21,582.0,32,114,18.19,172.4,0
2022-04-22,699.6,28,78,24.99,52.87,0
2022-04-23,766.5,49,132,15.64,490.26,0
2022-04-24,940.97,37,81,25.43,484.59,0
2022-04-25,822.45,23,62,35.76,227.82,0
2022-04-26,714.41,31,133,23.05,377.77,0
2022-04-27,653.45,41,136,15.94,205.61,0
2022-04-28,658.91,42,99,15.69,351.99,0
2022-04-29,832.33,36,114,23.12,412.44,0
2022-04-30,864.12,47,121,18.39,476.04,0
2022-05-01,859.56,55,189,15.63,230.1,0
2022-05-02,863.75,28,48,30.85,402.48,1
2022-05-03,776.23,32,107,24.26,169.67,0
2022-05-04,869.77,41,76,21.21,495.65,0
2022-05-05,838.06,25,65,33.52,61.6,0
2022-05-06,844.21,48,101,17.59,321.59,1
2022-05-07,964.64,28,86,34.45,346.78,0
2022-05-08,889.5,41,78,21.7,359.62,0
2022-05-09,775.7,23,72,33.73,104.17,0
2022-05-10,799.73,29,69,27.58,472.34,0
2022-05-11,680.33,21,52,32.4,131.53,0
2022-05-12,590.02,17,29,34.71,330.24,0
2022-05-13,669.0,32,84,20.91,150.2,0
2022-05-14,673.46,19,62,35.45,188.25,0
2022-05-15,642.77,28,95,22.96,295.91,0
2022-05-16,698.01,30,103,23.27,237.74,0
2022-05-17,665.32,30,58,22.18,122.1,0
2022-05-18,449.15,17,67,26.42,126.92,0
2022-05-19,560.37,30,89,18.68,238.17,0
2022-05-20,565.1,21,45,26.91,390.78,0
2022-05-21,643.63,24,90,26.82,454.08,0
2022-05-22,666.13,22,66,30.28,87.86,0
2022-05-23,625.44,19,60,32.92,226.9,1
2022-05-24,620.86,26,80,23.88,95.11,0
2022-05-25,554.92,26,80,21.34,57.47,0
2022-05-26,647.8,32,68,20.24,347.77,0
2022-05-27,716.64,37,117,19.37,321.1,0
2022-05-28,790.96,48,167,16.48,123.36,0
2022-05-29,792.02,36,85,22.0,155.22,0
2022-05-30,781.2,38,65,20.56,60.67,0
2022-05-31,790.38,23,56,34.36,425.73,0
2022-06-01,741.79,28,85,26.49,488.61,0
2022-06-02,685.72,31,79,22.12,110.96,0
2022-06-03,799.26,30,77,26.64,154.16,0
2022-06-04,886.32,49,129,18.09,440.78,0
2022-06-05,767.63,32,103,23.99,466.91,0
2022-06-06,817.31,29,103,28.18,238.83,0
2022-06-07,665.99,26,86,25.62,72.78,1
2022-06-08,659.67,28,86,23.56,67.73,1
2022-06-09,581.56,16,44,36.35,308.28,0
2022-06-10,564.05,17,49,33.18,226.8,0
2022-06-11,607.46,22,66,27.61,62.89,0
2022-06-12,679.76,25,86,27.19,312.46,0
2022-06-13,622.24,22,65,28.28,55.09,0
2022-06-14,472.87,24,49,19.7,404.32,0
2022-06-15,488.85,21,47,23.28,187.89,0
2022-06-16,375.95,23,66,16.35,68.12,1
2022-06-17,509.89,20,68,25.49,314.76,0
2022-06-18,512.01,19,72,26.95,228.96,0
2022-06-19,557.44,28,100,19.91,488.21,0
2022-06-20,556.11,16,41,34.76,294.89,0
2022-06-21,452.83,13,48,34.83,173.86,0
2022-06-22,448.75,15,44,29.92,369.25,0
2022-06-23,552.22,21,76,26.3,172.17,0
2022-06-24,556.22,17,70,32.72,456.91,0
2022-06-25,711.08,40,137,17.78,218.62,0
2022-06-26,649.94,21,66,30.95,297.44,0
2022-06-27,710.22,40,141,17.76,72.76,0
2022-06-28,704.83,22,68,32.04,241.75,0
2022-06-29,481.24,23,73,20.92,424.56,0
2022-06-30,591.89,18,52,32.88,412.54,0
2022-07-01,730.04,21,58,34.76,150.94,0
2022-07-02,755.51,42,93,17.99,151.74,0
2022-07-03,796.37,32,109,24.89,417.79,0
2022-07-04,695.82,20,49,34.79,468.68,1
2022-07-05,647.44,26,83,24.9,92.91,0
2022-07-06,574.01,17,41,33.77,252.53,0
2022-07-07,633.7,23,65,27.55,201.85,0
2022-07-08,625.57,27,90,23.17,441.81,1
2022-07-09,665.14,32,79,20.79,87.59,0
2022-07-10,614.9,32,100,19.22,145.01,0
2022-07-11,539.62,17,46,31.74,388.61,0
2022-07-12,445.84,19,69,23.47,73.08,0
2022-07-13,418.94,16,60,26.18,271.64,0
2022-07-14,371.74,14,54,26.55,248.95,0
2022-07-15,451.86,17,43,26.58,200.48,0
2022-07-16,590.28,18,46,32.79,227.56,1
2022-07-17,537.1,15,53,35.81,288.47,0
2022-07-18,430.78,18,46,23.93,122.62,0
2022-07-19,439.78,13,57,33.83,307.4,0
2022-07-20,323.09,10,36,32.31,412.44,0
2022-07-21,268.65,10,39,26.86,392.07,0
2022-07-22,398.23,11,31,36.2,119.25,0
2022-07-23,436.28,22,92,19.83,117.16,0
2022-07-24,548.48,31,78,17.69,170.68,0
2022-07-25,545.59,17,67,32.09,212.48,0
2022-07-26,580.99,24,71,24.21,233.81,0
2022-07-27,491.09,15,26,32.74,355.86,0
2022-07-28,497.98,15,47,33.2,75.51,0
2022-07-29,628.64,38,114,16.54,65.6,0
2022-07-30,550.98,16,60,34.44,226.36,1
2022-07-31,696.07,29,99,24.0,363.72,1
2022-08-01,681.89,27,97,25.26,137.05,0
2022-08-02,497.15,18,63,27.62,338.68,0
2022-08-03,576.96,17,31,33.94,166.92,0
2022-08-04,539.16,35,66,15.4,448.74,0
2022-08-05,546.51,22,91,24.84,453.06,0
2022-08-06,640.1,22,73,29.1,183.78,0
2022-08-07,713.03,24,74,29.71,153.5,0
2022-08-08,538.8,18,48,29.93,235.09,0
2022-08-09,445.13,25,63,17.81,158.24,0
2022-08-10,338.93,16,41,21.18,352.57,0
2022-08-11,308.45,13,56,23.73,421.73,0
2022-08-12,430.77,13,35,33.14,352.89,0
2022-08-13,387.88,18,65,21.55,420.96,0
2022-08-14,432.54,22,70,19.66,228.65,0
2022-08-15,349.2,10,14,34.92,120.34,0
2022-08-16,320.04,21,43,15.24,382.08,0
2022-08-17,267.18,7,27,38.17,212.21,0
2022-08-18,320.77,11,41,29.16,352.07,0
2022-08-19,313.91,9,24,34.88,171.79,0
2022-08-20,401.03,19,59,21.11,86.55,0
2022-08-21,397.54,26,99,15.29,496.66,0
2022-08-22,400.61,13,32,30.82,120.29,0
2022-08-23,394.08,12,61,32.84,494.79,0
2022-08-24,392.73,13,43,30.21,489.78,0
2022-08-25,347.21,19,56,18.27,407.22,1
2022-08-26,521.29,17,60,30.66,346.74,0
2022-08-27,628.01,20,58,31.4,310.01,0
2022-08-28,613.17,21,79,29.2,439.75,0
2022-08-29,656.04,21,67,31.24,180.25,0
2022-08-30,462.58,14,50,33.04,260.46,1
2022-08-31,399.3,14,35,28.52,328.73,0
2022-09-01,386.43,23,55,16.8,235.04,0
2022-09-02,605.94,24,98,25.25,242.37,0
2022-09-03,614.69,37,139,16.61,198.63,0
2022-09-04,578.43,24,84,24.1,303.9,0
2022-09-05,531.88,22,50,24.18,432.76,0
2022-09-06,369.1,22,70,16.78,140.69,0
2022-09-07,479.22,21,71,22.82,470.49,0
2022-09-08,352.65,20,47,17.63,360.09,0
2022-09-09,388.06,12,36,32.34,420.47,1
2022-09-10,456.43,13,41,35.11,300.29,0
2022-09-11,436.83,26,52,16.8,400.78,0
2022-09-12,361.03,10,24,36.1,57.29,0
2022-09-13,225.17,8,44,28.15,418.27,0
2022-09-14,233.87,11,48,21.26,68.06,0
2022-09-15,313.77,18,62,17.43,450.46,0
2022-09-16,348.68,13,32,26.82,496.38,0
2022-09-17,428.09,13,40,32.93,182.33,0
2022-09-18,347.84,11,47,31.62,144.64,1
2022-09-19,294.75,18,62,16.38,394.41,0
2022-09-20,286.59,17,51,16.86,163.86,0
2022-09-21,273.6,11,46,24.87,439.5,1
2022-09-22,364.37,17,51,21.43,96.28,0
2022-09-23,312.14,15,62,20.81,106.68,0
2022-09-24,560.4,27,78,20.76,490.62,0
2022-09-25,515.05,16,50,32.19,353.23,0
2022-09-26,479.83,14,46,34.27,431.1,1
2022-09-27,399.63,17,65,23.51,195.95,1
2022-09-28,338.85,10,39,33.89,354.42,0
2022-09-29,488.36,22,56,22.2,317.41,0
2022-09-30,518.65,21,55,24.7,321.42,0
2022-10-01,513.11,26,72,19.73,357.14,0
2022-10-02,523.22,18,54,29.07,308.91,0
2022-10-03,517.89,14,56,36.99,243.08,0
2022-10-04,534.22,19,51,28.12,174.17,1
2022-10-05,376.17,16,58,23.51,395.86,1
2022-10-06,308.09,11,38,28.01,151.82,0
2022-10-07,410.08,23,66,17.83,361.56,0
2022-10-08,446.82,13,44,34.37,155.0,0
2022-10-09,316.66,12,39,26.39,331.4,0
2022-10-10,382.25,15,36,25.48,386.19,0
2022-10-11,282.94,10,38,28.29,148.42,0
2022-10-12,268.09,9,20,29.79,76.97,0
2022-10-13,327.22,19,61,17.22,108.94,0
2022-10-14,344.28,12,18,28.69,322.7,0
2022-10-15,332.74,16,47,20.8,432.25,1
2022-10-16,307.26,10,42,30.73,70.25,0
2022-10-17,454.2,14,34,32.44,380.37,0
2022-10-18,270.35,8,21,33.79,203.59,0
2022-10-19,240.68,9,33,26.74,265.34,0
2022-10-20,274.05,10,29,27.41,467.99,1
2022-10-21,370.68,20,61,18.53,199.39,0
2022-10-22,441.26,14,21,31.52,259.4,0
2022-10-23,461.54,22,84,20.98,56.16,0
2022-10-24,445.96,17,52,26.23,86.72,0
2022-10-25,427.57,20,39,21.38,166.37,0
2022-10-26,381.99,21,69,18.19,62.53,0
2022-10-27,409.19,14,29,29.23,334.12,0
2022-10-28,529.07,32,107,16.53,241.88,0
2022-10-29,585.43,19,81,30.81,296.67,0
2022-10-30,695.77,32,61,21.74,128.59,0
2022-10-31,446.53,29,77,15.4,183.17,0
2022-11-01,560.85,22,87,25.49,348.72,0
2022-11-02,516.98,32,76,16.16,484.39,1
2022-11-03,353.65,17,46,20.8,72.69,1
2022-11-04,486.08,16,47,30.38,450.67,0
2022-11-05,527.5,32,80,16.48,309.6,0
2022-11-06,469.37,14,45,33.53,303.76,0
2022-11-07,434.76,28,72,15.53,275.13,0
2022-11-08,325.94,16,40,20.37,81.23,0
2022-11-09,404.17,13,35,31.09,90.44,0
2022-11-10,359.34,16,40,22.46,320.41,0
2022-11-11,422.37,24,59,17.6,203.43,0
2022-11-12,445.05,20,57,22.25,462.77,1
2022-11-13,360.17,17,41,21.19,232.97,0
2022-11-14,344.36,10,33,34.44,114.48,0
2022-11-15,328.14,15,41,21.88,371.62,0
2022-11-16,207.04,6,15,34.51,182.01,0
2022-11-17,332.04,10,39,33.2,286.46,1
2022-11-18,364.3,15,58,24.29,364.02,0
2022-11-19,441.43,13,47,33.96,455.12,0
2022-11-20,535.61,23,54,23.29,406.49,0
2022-11-21,505.6,14,44,36.11,354.36,0
2022-11-22,423.65,25,72,16.95,355.83,0
2022-11-23,484.16,16,62,30.26,475.67,0
2022-11-24,414.31,16,67,25.89,183.12,0
2022-11-25,586.34,25,76,23.45,50.5,0
2022-11-26,669.32,24,57,27.89,172.38,0
2022-11-27,657.35,22,63,29.88,148.05,0
2022-11-28,659.06,43,95,15.33,347.83,0
2022-11-29,519.03,28,83,18.54,335.17,0
2022-11-30,587.57,20,70,29.38,317.06,0
2022-12-01,545.45,19,62,28.71,57.31,0
2022-12-02,584.03,17,54,34.35,377.95,0
2022-12-03,713.58,23,67,31.03,195.59,0
2022-12-04,625.9,18,71,34.77,349.28,0
2022-12-05,528.9,18,48,29.38,300.46,0
2022-12-06,431.45,20,64,21.57,204.23,0
2022-12-07,474.62,27,78,17.58,110.56,0
2022-12-08,374.09,12,36,31.17,92.49,0
2022-12-09,567.85,20,73,28.39,424.18,0
2022-12-10,420.17,26,94,16.16,463.28,0
2022-12-11,609.25,27,77,22.56,342.4,0
2022-12-12,480.33,14,54,34.31,96.55,0
2022-12-13,388.72,15,45,25.91,230.91,0
2022-12-14,321.23,13,36,24.71,378.02,0
2022-12-15,387.32,16,55,24.21,400.92,0
2022-12-16,436.7,22,68,19.85,103.2,0
2022-12-17,569.97,25,72,22.8,50.01,0
2022-12-18,554.19,24,72,23.09,370.46,0
2022-12-19,534.86,33,70,16.21,210.47,0
2022-12-20,464.98,15,34,31.0,164.52,0
2022-12-21,464.41,19,73,24.44,55.8,0
2022-12-22,526.58,16,29,32.91,293.13,0
2022-12-23,516.73,16,39,32.3,433.02,1
2022-12-24,624.79,32,95,19.52,480.93,1
2022-12-25,770.1,27,65,28.52,304.59,0
2022-12-26,720.41,29,94,24.84,281.51,0
2022-12-27,651.57,19,59,34.29,88.28,0
2022-12-28,632.19,32,88,19.76,296.99,0
2022-12-29,672.9,23,63,29.26,220.99,0
2022-12-30,694.67,25,65,27.79,323.21,0
2022-12-31,743.67,35,116,21.25,224.93,0
2023-01-01,801.21,45,159,17.8,158.13,0
2023-01-02,688.06,24,47,28.67,92.73,0
2023-01-03,672.92,22,74,30.59,191.71,0
2023-01-04,505.96,23,65,22.0,93.49,0
2023-01-05,637.72,22,61,28.99,129.6,1
2023-01-06,651.07,28,96,23.25,494.3,0
2023-01-07,681.42,23,60,29.63,249.85,0
2023-01-08,712.91,37,111,19.27,289.34,0
2023-01-09,685.61,20,63,34.28,443.13,1
2023-01-10,568.54,27,96,21.06,498.01,0
2023-01-11,371.3,16,49,23.21,312.22,0
2023-01-12,408.14,25,98,16.33,415.61,0
2023-01-13,501.74,29,64,17.3,197.12,0
2023-01-14,600.34,23,61,26.1,187.58,0
2023-01-15,649.08,31,110,20.94,231.22,0
2023-01-16,557.32,17,44,32.78,352.63,0
2023-01-17,551.74,36,70,15.33,356.99,1
2023-01-18,483.45,21,62,23.02,191.86,0
2023-01-19,531.25,24,56,22.14,109.94,0
2023-01-20,581.32,37,67,15.71,334.58,0
2023-01-21,696.39,39,80,17.86,107.75,0
2023-01-22,718.74,30,64,23.96,310.32,1
2023-01-23,721.47,29,72,24.88,362.04,0
2023-01-24,778.59,33,113,23.59,365.28,0
2023-01-25,657.11,25,56,26.28,389.06,0
2023-01-26,869.68,32,69,27.18,442.79,0
2023-01-27,838.75,55,143,15.25,274.98,0
2023-01-28,894.33,36,98,24.84,378.61,0
2023-01-29,860.83,25,55,34.43,328.63,0
2023-01-30,893.45,35,124,25.53,133.99,0
2023-01-31,753.19,26,83,28.97,61.56,0
2023-02-01,733.17,34,113,21.56,178.04,0
2023-02-02,854.98,28,95,30.53,249.37,1
2023-02-03,766.06,25,90,30.64,327.7,0
2023-02-04,870.05,34,82,25.59,432.48,0
2023-02-05,770.93,22,82,35.04,138.31,0
2023-02-06,739.07,42,96,17.6,106.5,0
2023-02-07,739.02,48,95,15.4,483.57,0
2023-02-08,557.02,18,40,30.95,98.62,1
2023-02-09,678.66,21,81,32.32,265.32,0
2023-02-10,674.05,38,89,17.74,313.5,1
2023-02-11,665.67,32,105,20.8,293.62,0
2023-02-12,738.4,48,144,15.38,88.71,0
2023-02-13,714.83,34,93,21.02,75.66,1
2023-02-14,635.76,20,74,31.79,97.47,0
2023-02-15,495.71,19,47,26.09,313.51,1
2023-02-16,570.65,25,51,22.83,294.96,0
2023-02-17,678.37,30,87,22.61,155.18,1
2023-02-18,773.8,51,106,15.17,337.0,0
2023-02-19,850.32,40,78,21.26,419.03,0
2023-02-20,812.26,29,92,28.01,68.71,0
2023-02-21,694.5,20,62,34.73,274.16,0
2023-02-22,763.18,23,70,33.18,360.19,0
2023-02-23,814.16,52,171,15.66,163.54,0
2023-02-24,895.04,27,63,33.15,188.5,0
2023-02-25,1000.57,32,104,31.27,326.14,0
2023-02-26,1016.01,33,107,30.79,454.07,0
2023-02-27,961.3,39,75,24.65,414.47,0
2023-02-28,867.45,37,125,23.44,312.41,0
2023-03-01,741.4,35,111,21.18,378.6,0
2023-03-02,853.11,52,202,16.41,214.17,0
2023-03-03,891.7,45,124,19.82,338.43,0
2023-03-04,940.64,47,171,20.01,259.78,0
2023-03-05,858.73,34,85,25.26,135.47,1
2023-03-06,803.1,26,50,30.89,365.78,0
2023-03-07,817.12,33,79,24.76,300.41,0
2023-03-08,695.88,43,134,16.18,211.38,0
2023-03-09,725.1,21,54,34.53,460.1,0
2023-03-10,734.78,21,57,34.99,59.42,0
2023-03-11,780.22,25,90,31.21,192.1,0
2023-03-12,827.75,23,48,35.99,75.6,0
2023-03-13,702.9,27,78,26.03,394.94,0
2023-03-14,660.17,19,40,34.75,365.95,0
2023-03-15,590.21,35,96,16.86,199.11,0
2023-03-16,613.45,27,63,22.72,354.05,1
2023-03-17,693.59,35,111,19.82,228.17,0
2023-03-18,798.52,42,86,19.01,390.31,0
2023-03-19,798.59,44,113,18.15,254.38,1
2023-03-20,864.71,31,104,27.89,235.53,0
2023-03-21,712.53,23,78,30.98,470.63,0
2023-03-22,730.42,27,88,27.05,162.9,0
2023-03-23,758.96,42,78,18.07,104.2,1
2023-03-24,940.43,30,100,31.35,313.04,1
2023-03-25,962.84,34,73,28.32,486.19,0
2023-03-26,1039.31,45,89,23.1,220.03,0
2023-03-27,885.45,31,77,28.56,77.92,0
2023-03-28,914.35,45,148,20.32,202.69,0
2023-03-29,907.84,41,141,22.14,277.67,0
2023-03-30,883.3,26,90,33.97,122.87,1
2023-03-31,990.1,47,99,21.07,346.15,0
2023-04-01,963.56,39,146,24.71,498.99,0
2023-04-02,1060.79,32,94,33.15,253.28,0
2023-04-03,1043.47,35,72,29.81,209.63,0
2023-04-04,819.32,50,93,16.39,230.32,0
2023-04-05,748.06,41,98,18.25,101.82,0
2023-04-06,833.46,54,131,15.43,447.47,1
2023-04-07,877.26,31,50,28.3,236.67,1
2023-04-08,810.67,33,78,24.57,224.27,0
2023-04-09,809.3,45,142,17.98,346.86,1
2023-04-10,754.02,22,65,34.27,248.92,0
2023-04-11,616.38,24,65,25.68,341.71,0
2023-04-12,583.79,29,67,20.13,77.65,0
2023-04-13,589.29,23,78,25.62,416.18,0
2023-04-14,663.14,23,60,28.83,473.23,1
2023-04-15,766.99,46,155,16.67,341.94,0
2023-04-16,805.46,39,131,20.65,479.55,0
2023-04-17,842.05,27,78,31.19,118.14,0
2023-04-18,663.08,27,81,24.56,264.84,0
2023-04-19,739.86,28,65,26.42,320.81,0
2023-04-20,718.39,30,93,23.95,311.78,0
2023-04-21,813.2,51,186,15.95,230.66,0
2023-04-22,935.94,51,150,18.35,202.14,0
2023-04-23,884.34,36,131,24.57,107.07,0
2023-04-24,936.96,48,136,19.52,226.28,0
2023-04-25,874.25,54,193,16.19,123.2,0
2023-04-26,860.82,27,86,31.88,380.46,0
2023-04-27,875.06,25,73,35.0,143.97,0
2023-04-28,1049.83,34,81,30.88,76.35,0
2023-04-29,956.37,29,53,32.98,298.56,0
2023-04-30,970.53,48,102,20.22,317.85,1
2023-05-01,910.98,26,62,35.04,442.36,0
2023-05-02,828.68,43,97,19.27,309.64,0
2023-05-03,761.1,22,66,34.6,205.47,1
2023-05-04,844.53,24,48,35.19,411.36,0
2023-05-05,893.12,30,106,29.77,293.13,0
2023-05-06,829.44,23,70,36.06,85.68,0
2023-05-07,805.1,30,100,26.84,304.63,1
2023-05-08,801.33,39,128,20.55,458.61,1
2023-05-09,657.14,27,79,24.34,228.34,0
2023-05-10,652.56,24,40,27.19,183.35,0
2023-05-11,629.81,38,104,16.57,114.56,0
2023-05-12,594.21,21,49,28.3,118.15,1
2023-05-13,802.66,23,58,34.9,244.75,1
2023-05-14,828.43,44,123,18.83,318.06,0
2023-05-15,667.79,21,56,31.8,86.28,0
2023-05-16,617.64,18,56,34.31,472.81,0
2023-05-17,620.56,18,62,34.48,389.81,0
2023-05-18,654.81,19,59,34.46,313.98,0
2023-05-19,752.98,29,84,25.96,422.8,0
2023-05-20,904.61,26,50,34.79,86.08,0
2023-05-21,833.26,27,91,30.86,264.58,0
2023-05-22,781.43,42,100,18.61,333.54,1
2023-05-23,704.34,28,70,25.16,422.89,0
2023-05-24,712.7,24,94,29.7,402.56,0
2023-05-25,779.13,39,137,19.98,174.68,0
2023-05-26,945.23,33,99,28.64,473.4,1
2023-05-27,899.75,31,76,29.02,105.96,0
2023-05-28,954.83,52,159,18.36,443.81,0
2023-05-29,896.85,34,84,26.38,486.92,0
2023-05-30,879.73,28,93,31.42,129.72,0
2023-05-31,890.42,35,83,25.44,374.93,0
2023-06-01,735.45,48,110,15.32,68.13,0
2023-06-02,778.61,51,168,15.27,232.44,1
2023-06-03,893.27,40,98,22.33,282.33,0
2023-06-04,863.87,25,67,34.55,311.29,0
2023-06-05,850.98,43,123,19.79,471.17,0
2023-06-06,690.54,24,83,28.77,352.51,0
2023-06-07,573.28,29,118,19.77,266.58,0
2023-06-08,611.52,28,102,21.84,414.35,0
2023-06-09,678.33,21,75,32.3,477.74,0
2023-06-10,708.69,23,74,30.81,59.93,0
2023-06-11,695.22,41,77,16.96,492.13,0
2023-06-12,671.62,28,82,23.99,88.76,0
2023-06-13,604.24,38,141,15.9,416.47,0
2023-06-14,573.71,23,54,24.94,176.15,1
2023-06-15,559.56,19,66,29.45,109.48,0
2023-06-16,592.91,34,120,17.44,247.94,0
2023-06-17,686.63,33,65,20.81,339.78,0
2023-06-18,773.62,33,91,23.44,221.43,0
2023-06-19,649.83,19,71,34.2,74.55,0
2023-06-20,661.43,18,62,36.75,319.76,1
2023-06-21,601.77,37,88,16.26,456.08,0
2023-06-22,658.95,21,70,31.38,222.45,0
2023-06-23,802.47,35,91,22.93,147.35,0
2023-06-24,826.04,36,112,22.95,249.16,0
2023-06-25,845.74,28,64,30.2,71.76,0
2023-06-26,739.08,22,63,33.59,419.22,0
2023-06-27,776.9,22,70,35.31,421.85,0
2023-06-28,725.3,27,90,26.86,314.6,1
2023-06-29,808.14,36,135,22.45,208.9,0
2023-06-30,733.64,23,53,31.9,409.9,0
2023-07-01,804.5,40,93,20.11,299.61,0
2023-07-02,799.52,30,80,26.65,421.67,0
2023-07-03,797.62,35,58,22.79,334.16,0
2023-07-04,617.41,21,46,29.4,402.98,0
2023-07-05,564.6,28,94,20.16,319.35,1
2023-07-06,568.26,30,103,18.94,236.36,1
2023-07-07,582.59,17,73,34.27,481.08,1
2023-07-08,588.48,34,112,17.31,293.5,0
2023-07-09,614.04,24,78,25.58,322.29,0
2023-07-10,596.72,30,51,19.89,149.22,0
2023-07-11,408.83,25,73,16.35,331.54,0
2023-07-12,415.05,26,74,15.96,307.22,0
2023-07-13,385.6,20,76,19.28,133.18,0
2023-07-14,544.89,16,56,34.06,76.81,0
2023-07-15,478.51,23,56,20.8,321.96,0
2023-07-16,553.71,16,65,34.61,393.66,0
2023-07-17,572.68,21,51,27.27,285.53,0
2023-07-18,581.22,24,85,24.22,152.05,0
2023-07-19,477.07,17,46,28.06,349.93,0
2023-07-20,489.85,19,53,25.78,86.05,0
2023-07-21,696.04,23,68,30.26,248.83,0
2023-07-22,612.87,29,75,21.13,123.52,0
2023-07-23,609.42,27,89,22.57,133.01,0
2023-07-24,713.65,21,45,33.98,141.03,0
2023-07-25,608.82,17,51,35.81,224.02,0
2023-07-26,546.75,16,40,34.17,73.02,0
2023-07-27,650.89,27,97,24.11,229.01,0
2023-07-28,687.23,22,54,31.24,280.27,0
2023-07-29,701.22,28,107,25.04,267.48,0
2023-07-30,667.72,26,63,25.68,222.25,1
2023-07-31,714.43,37,111,19.31,427.62,0
2023-08-01,612.38,22,66,27.84,115.4,0
2023-08-02,507.06,27,98,18.78,277.56,0
2023-08-03,593.12,27,71,21.97,77.92,0
2023-08-04,482.1,15,48,32.14,82.02,0
2023-08-05,494.17,25,81,19.77,308.24,0
2023-08-06,524.72,31,69,16.93,304.71,1
2023-08-07,489.34,29,66,16.87,445.12,0
2023-08-08,413.07,12,40,34.42,301.04,0
2023-08-09,328.2,13,32,25.25,481.91,0
2023-08-10,360.52,15,41,24.03,71.91,1
2023-08-11,335.13,10,32,33.51,94.1,0
2023-08-12,529.93,16,55,33.12,69.83,0
2023-08-13,471.83,21,77,22.47,133.37,0
2023-08-14,496.29,17,46,29.19,293.57,0
2023-08-15,400.49,13,35,30.81,340.51,0
2023-08-16,379.2,13,50,29.17,70.51,0
2023-08-17,419.72,23,51,18.25,475.69,0
2023-08-18,497.75,15,35,33.18,428.97,0
2023-08-19,592.77,22,73,26.94,183.48,1
2023-08-20,665.31,32,90,20.79,84.73,0
2023-08-21,587.11,24,62,24.46,126.45,1
2023-08-22,562.95,35,66,16.08,107.12,0
2023-08-23,496.32,28,108,17.73,105.48,0
2023-08-24,601.0,19,63,31.63,283.35,0
2023-08-25,565.97,37,113,15.3,160.63,0
2023-08-26,755.69,32,86,23.62,211.16,0
2023-08-27,677.22,26,52,26.05,495.28,0
2023-08-28,557.38,34,113,16.39,357.94,0
2023-08-29,553.93,16,35,34.62,477.04,0
2023-08-30,453.73,23,38,19.73,114.15,0
2023-08-31,524.96,24,89,21.87,221.96,0
2023-09-01,489.5,23,68,21.28,299.63,0
2023-09-02,536.95,27,57,19.89,84.54,0
2023-09-03,453.76,30,112,15.13,51.88,1
2023-09-04,455.93,15,66,30.4,351.7,0
2023-09-05,262.67,7,28,37.52,338.82,0
2023-09-06,238.31,12,46,19.86,234.85,0
2023-09-07,351.03,12,41,29.25,270.34,0
2023-09-08,398.85,13,48,30.68,236.95,1
2023-09-09,431.98,13,38,33.23,60.8,0
2023-09-10,371.46,15,46,24.76,200.92,0
2023-09-11,373.06,17,62,21.94,129.69,0
2023-09-12,310.03,14,50,22.15,94.29,0
2023-09-13,218.24,7,22,31.18,480.52,1
2023-09-14,380.61,12,49,31.72,319.71,0
2023-09-15,429.64,23,61,18.68,377.9,0
2023-09-16,458.2,20,58,22.91,191.91,0
2023-09-17,509.15,15,49,33.94,226.92,0
2023-09-18,499.21,16,49,31.2,156.62,0
2023-09-19,341.6,9,34,37.96,93.63,0
2023-09-20,411.33,13,37,31.64,130.56,0
2023-09-21,426.25,18,43,23.68,408.88,1
2023-09-22,491.01,18,57,27.28,354.9,0
2023-09-23,603.93,21,42,28.76,296.12,0
2023-09-24,733.18,44,167,16.66,263.79,0
2023-09-25,636.99,24,92,26.54,465.1,1
2023-09-26,506.75,17,51,29.81,82.73,0
2023-09-27,515.28,28,106,18.4,176.27,0
2023-09-28,561.76,18,59,31.21,207.47,0
2023-09-29,585.78,21,48,27.89,402.09,0
2023-09-30,586.45,17,48,34.5,496.63,0
2023-10-01,544.92,34,74,16.03,158.3,0
2023-10-02,545.17,26,92,20.97,443.44,0
2023-10-03,435.76,16,31,27.23,423.78,0
2023-10-04,392.87,18,70,21.83,151.1,0
2023-10-05,371.77,12,45,30.98,229.7,1
2023-10-06,433.68,14,38,30.98,234.35,1
2023-10-07,398.77,23,58,17.34,490.2,0
2023-10-08,492.6,19,37,25.93,131.4,0
2023-10-09,383.67,15,48,25.58,409.62,0
2023-10-10,403.52,18,67,22.42,200.39,0
2023-10-11,222.68,6,27,37.11,378.89,0
2023-10-12,365.33,11,48,33.21,239.0,0
2023-10-13,361.96,12,35,30.16,310.26,0
2023-10-14,397.63,13,23,30.59,424.68,0
2023-10-15,441.0,18,44,24.5,411.87,0
2023-10-16,428.57,12,26,35.71,439.89,0
2023-10-17,421.25,14,42,30.09,76.83,0
2023-10-18,408.92,13,36,31.46,361.42,0
2023-10-19,395.62,12,48,32.97,112.99,0
2023-10-20,510.68,24,60,21.28,237.12,0
2023-10-21,704.52,22,88,32.02,296.86,0
2023-10-22,719.18,38,98,18.93,231.23,0
2023-10-23,627.43,28,103,22.41,283.83,1
2023-10-24,549.71,25,47,21.99,498.44,0
2023-10-25,517.21,14,54,36.94,110.85,0
2023-10-26,558.85,17,47,32.87,353.96,0
2023-10-27,535.93,18,59,29.77,228.2,1
2023-10-28,628.17,21,80,29.91,109.85,1
2023-10-29,560.0,21,53,26.67,121.43,0
2023-10-30,603.19,17,33,35.48,477.17,1
2023-10-31,526.23,21,72,25.06,445.82,0
2023-11-01,404.4,17,57,23.79,458.17,0
2023-11-02,499.65,27,66,18.51,496.19,0
2023-11-03,399.2,12,28,33.27,143.74,0
2023-11-04,427.95,14,57,30.57,209.95,1
2023-11-05,508.15,22,77,23.1,351.15,0
2023-11-06,489.44,31,91,15.79,267.71,1
2023-11-07,439.25,13,51,33.79,238.28,0
2023-11-08,280.81,18,64,15.6,211.02,0
2023-11-09,370.16,12,47,30.85,317.2,0
2023-11-10,379.12,11,44,34.47,309.02,0
2023-11-11,442.51,18,64,24.58,122.66,0
2023-11-12,523.34,26,87,20.13,262.28,0
2023-11-13,485.66,16,59,30.35,299.06,1
2023-11-14,325.9,10,39,32.59,306.63,0
2023-11-15,459.5,17,42,27.03,144.55,0
2023-11-16,496.53,14,50,35.47,384.02,0
2023-11-17,486.33,30,107,16.21,61.34,0
2023-11-18,627.53,25,65,25.1,209.67,1
2023-11-19,674.42,22,68,30.66,401.1,0
2023-11-20,643.9,19,38,33.89,303.75,0
2023-11-21,555.33,29,89,19.15,167.52,0
2023-11-22,523.51,16,44,32.72,362.73,0
2023-11-23,584.29,22,74,26.56,305.33,0
2023-11-24,714.83,31,77,23.06,408.31,0
2023-11-25,748.82,42,102,17.83,380.76,0
2023-11-26,716.28,22,85,32.56,324.55,0
2023-11-27,722.88,39,108,18.54,269.68,0
2023-11-28,460.7,21,46,21.94,109.93,0
2023-11-29,601.68,28,62,21.49,167.6,0
2023-11-30,454.04,14,42,32.43,238.59,0
2023-12-01,564.69,19,58,29.72,319.68,0
2023-12-02,567.56,18,53,31.53,281.17,0
2023-12-03,552.46,27,72,20.46,179.68,1
2023-12-04,611.28,22,61,27.79,52.91,0
2023-12-05,441.92,16,48,27.62,273.31,0
2023-12-06,423.95,13,36,32.61,178.53,1
2023-12-07,408.25,12,42,34.02,380.57,0
2023-12-08,490.08,32,98,15.31,60.78,0
2023-12-09,530.71,18,73,29.48,313.17,0
2023-12-10,481.51,30,100,16.05,473.66,0
2023-12-11,560.76,21,70,26.7,128.48,0
2023-12-12,430.42,20,74,21.52,262.24,0
2023-12-13,352.15,16,59,22.01,91.14,1
2023-12-14,446.08,20,64,22.3,331.56,0
2023-12-15,630.23,22,46,28.65,297.74,0
2023-12-16,687.57,31,103,22.18,233.31,0
2023-12-17,671.49,22,60,30.52,284.62,0
2023-12-18,656.61,28,113,23.45,453.46,0
2023-12-19,615.93,37,142,16.65,138.33,0
2023-12-20,717.81,23,72,31.21,60.15,0
2023-12-21,670.68,32,70,20.96,437.75,0
2023-12-22,753.92,31,65,24.32,309.7,1
2023-12-23,860.23,29,82,29.66,450.8,1
2023-12-24,844.87,39,150,21.66,318.63,0
2023-12-25,780.26,48,85,16.26,414.57,0
2023-12-26,712.33,31,81,22.98,243.35,0
2023-12-27,668.66,19,51,35.19,387.44,1
2023-12-28,674.66,24,47,28.11,460.87,0
2023-12-29,760.39,26,100,29.25,307.46,0
2023-12-30,771.02,27,89,28.56,131.35,0
2023-12-31,800.23,42,128,19.05,170.96,0
2024-01-01,694.92,29,69,23.96,139.39,0
2024-01-02,612.11,20,42,30.61,161.09,0
2024-01-03,444.72,26,51,17.1,187.89,0
2024-01-04,587.76,28,95,20.99,299.81,0
2024-01-05,606.76,29,68,20.92,314.6,0
2024-01-06,690.72,29,66,23.82,241.92,0
2024-01-07,504.83,14,44,36.06,326.94,1
2024-01-08,709.13,43,101,16.49,86.71,0
2024-01-09,531.87,20,55,26.59,89.5,1
2024-01-10,559.75,30,80,18.66,127.32,0
2024-01-11,481.54,13,37,37.04,283.13,0
2024-01-12,645.01,37,77,17.43,146.3,0
2024-01-13,646.41,28,96,23.09,177.48,0
2024-01-14,708.58,23,47,30.81,230.14,0
2024-01-15,819.55,28,59,29.27,415.34,0
2024-01-16,673.33,28,63,24.05,56.24,0
2024-01-17,678.87,30,107,22.63,342.22,0
2024-01-18,754.26,32,106,23.57,350.99,0
2024-01-19,823.25,40,94,20.58,409.4,1
2024-01-20,890.6,46,140,19.36,469.74,0
2024-01-21,934.92,37,131,25.27,59.06,1
2024-01-22,1007.14,49,76,20.55,119.2,0
2024-01-23,823.25,39,100,21.11,448.78,0
2024-01-24,796.24,28,77,28.44,256.33,0
2024-01-25,852.26,24,87,35.51,304.07,0
2024-01-26,910.64,33,77,27.6,348.36,0
2024-01-27,965.78,58,209,16.65,355.58,0
2024-01-28,938.41,56,131,16.76,469.28,0
2024-01-29,787.53,23,80,34.24,498.63,0
2024-01-30,836.26,39,119,21.44,374.07,0
2024-01-31,632.19,37,107,17.09,179.25,0
2024-02-01,698.27,25,63,27.93,445.89,0
2024-02-02,687.21,25,68,27.49,72.15,0
2024-02-03,765.61,27,53,28.36,153.99,0
2024-02-04,785.09,38,63,20.66,453.82,0
2024-02-05,729.7,47,127,15.53,165.29,0
2024-02-06,658.07,19,49,34.64,149.29,0
2024-02-07,672.09,33,58,20.37,112.16,0
2024-02-08,632.43,22,60,28.75,436.6,0
2024-02-09,668.17,22,75,30.37,275.03,1
2024-02-10,804.16,29,44,27.73,353.7,0
2024-02-11,848.42,39,138,21.75,157.58,0
2024-02-12,705.67,34,79,20.76,391.12,0
2024-02-13,751.94,27,69,27.85,392.0,0
2024-02-14,740.38,22,77,33.65,190.67,0
2024-02-15,733.47,21,57,34.93,234.81,0
2024-02-16,907.22,52,135,17.45,144.36,0
2024-02-17,919.88,50,156,18.4,489.45,0
2024-02-18,973.34,28,94,34.76,340.52,0
2024-02-19,936.23,31,84,30.2,470.54,0
2024-02-20,893.4,27,78,33.09,186.52,1
2024-02-21,807.1,42,115,19.22,401.85,0
2024-02-22,812.9,30,106,27.1,394.64,0
2024-02-23,1029.46,35,99,29.41,361.25,0
2024-02-24,966.95,33,82,29.3,484.54,0
2024-02-25,967.16,41,73,23.59,227.1,0
2024-02-26,853.16,55,125,15.51,108.82,0
2024-02-27,842.91,31,98,27.19,352.27,0
2024-02-28,745.73,37,102,20.15,378.19,0
2024-02-29,887.57,36,90,24.65,308.78,0
2024-03-01,895.49,26,49,34.44,143.07,0
2024-03-02,850.08,36,129,23.61,277.01,0
2024-03-03,990.54,31,95,31.95,190.49,0
2024-03-04,863.78,46,115,18.78,242.36,0
2024-03-05,712.12,25,54,28.48,340.35,0
2024-03-06,547.04,15,50,36.47,385.35,0
2024-03-07,793.43,46,155,17.25,154.5,1
2024-03-08,668.3,44,148,15.19,232.4,0
2024-03-09,719.58,30,75,23.99,171.12,1
2024-03-10,875.1,51,189,17.16,139.38,0
2024-03-11,914.29,30,75,30.48,402.52,0
2024-03-12,808.2,24,90,33.67,459.16,0
2024-03-13,743.84,31,62,23.99,216.6,1
2024-03-14,783.79,38,105,20.63,388.08,0
2024-03-15,884.32,37,128,23.9,453.65,0
2024-03-16,968.22,32,73,30.26,430.76,0
2024-03-17,985.8,64,162,15.4,132.27,0
2024-03-18,958.54,35,76,27.39,480.33,0
2024-03-19,903.46,33,107,27.38,219.5,1
2024-03-20,845.15,30,71,28.17,202.66,1
2024-03-21,899.85,45,155,20.0,78.09,0
2024-03-22,902.77,30,79,30.09,268.78,1
2024-03-23,1050.99,62,219,16.95,99.06,0
2024-03-24,1022.59,53,182,19.29,161.84,0
2024-03-25,968.95,29,96,33.41,192.62,0
2024-03-26,954.05,32,108,29.81,413.97,0
2024-03-27,957.12,62,215,15.44,443.97,1
2024-03-28,930.67,46,114,20.23,186.11,0
2024-03-29,847.42,43,83,19.71,436.41,0
2024-03-30,915.46,44,99,20.81,435.75,0
2024-03-31,1002.74,50,91,20.05,394.09,0
2024-04-01,838.54,51,122,16.44,116.01,0
2024-04-02,783.28,32,77,24.48,360.65,1
2024-04-03,757.08,25,59,30.28,475.26,0
2024-04-04,677.98,24,75,28.25,357.14,0
2024-04-05,779.43,27,97,28.87,199.23,0
2024-04-06,759.7,45,160,16.88,275.26,0
2024-04-07,806.4,23,82,35.06,340.58,0
2024-04-08,808.96,25,83,32.36,279.76,0
2024-04-09,648.84,20,78,32.44,103.98,0
2024-04-10,717.09,22,52,32.6,190.43,0
2024-04-11,723.88,21,66,34.47,411.08,0
2024-04-12,833.23,32,86,26.04,437.64,0
2024-04-13,900.56,47,133,19.16,111.79,0
2024-04-14,996.3,36,61,27.68,478.57,0
2024-04-15,915.4,30,63,30.51,197.97,0
2024-04-16,842.51,28,69,30.09,348.04,1
2024-04-17,849.92,33,118,25.76,388.32,0
2024-04-18,907.35,55,118,16.5,415.38,0
2024-04-19,962.96,42,73,22.93,475.59,0
2024-04-20,1038.92,31,112,33.51,190.81,0
2024-04-21,1026.47,38,97,27.01,436.33,0
2024-04-22,989.33,38,122,26.04,109.26,1
2024-04-23,881.85,43,112,20.51,367.27,0
2024-04-24,989.82,44,72,22.5,383.89,0
2024-04-25,844.2,25,82,33.77,354.98,0
2024-04-26,918.3,32,114,28.7,163.54,0
2024-04-27,959.63,31,80,30.96,442.87,0
2024-04-28,1032.67,42,83,24.59,125.99,1
2024-04-29,904.62,32,80,28.27,74.14,0
2024-04-30,885.93,44,75,20.13,372.86,0
2024-05-01,720.12,24,69,30.01,263.96,0
2024-05-02,757.77,32,86,23.68,432.09,0
2024-05-03,741.26,31,73,23.91,222.53,0
2024-05-04,932.53,33,83,28.26,125.73,0
2024-05-05,764.88,22,44,34.77,426.4,0
2024-05-06,784.5,48,122,16.34,297.01,0
2024-05-07,724.24,22,38,32.92,135.14,0
2024-05-08,668.1,32,117,20.88,374.17,0
2024-05-09,656.9,27,69,24.33,280.0,0
2024-05-10,730.47,47,102,15.54,321.94,0
2024-05-11,814.44,38,126,21.43,257.4,0
2024-05-12,836.94,33,73,25.36,422.92,0
2024-05-13,868.83,53,105,16.39,423.3,0
2024-05-14,883.46,35,66,25.24,369.22,0
2024-05-15,724.54,21,70,34.5,97.43,0
2024-05-16,722.1,42,131,17.19,427.48,1
2024-05-17,870.31,28,56,31.08,351.96,0
2024-05-18,1085.67,46,96,23.6,363.66,0
2024-05-19,948.24,33,119,28.73,213.34,0
2024-05-20,1039.45,51,102,20.38,445.68,0
2024-05-21,979.73,53,186,18.49,376.42,0
2024-05-22,827.63,45,113,18.39,100.67,0
2024-05-23,896.7,54,144,16.61,233.5,0
2024-05-24,1004.45,53,131,18.95,448.87,0
2024-05-25,953.84,33,79,28.9,71.24,0
2024-05-26,960.7,29,74,33.13,482.64,0
2024-05-27,877.22,28,47,31.33,355.62,0
2024-05-28,761.73,26,97,29.3,334.12,0
2024-05-29,710.14,41,78,17.32,171.75,0
2024-05-30,669.15,32,116,20.91,161.96,0
2024-05-31,766.87,36,107,21.3,473.93,0
2024-06-01,762.54,38,116,20.07,184.22,1
2024-06-02,803.6,31,95,25.92,398.98,0
2024-06-03,649.32,25,55,25.97,226.9,0
2024-06-04,656.59,29,93,22.64,112.66,0
2024-06-05,625.31,28,76,22.33,54.82,0
2024-06-06,491.22,15,33,32.75,294.92,0
2024-06-07,669.18,21,67,31.87,489.1,0
2024-06-08,776.62,36,90,21.57,216.11,0
2024-06-09,677.38,20,46,33.87,210.74,0
2024-06-10,789.9,23,86,34.34,204.84,0
2024-06-11,673.38,31,63,21.72,284.24,1
2024-06-12,592.53,26,72,22.79,248.3,0
2024-06-13,661.19,26,72,25.43,445.96,0
2024-06-14,776.26,22,75,35.28,277.48,0
2024-06-15,836.49,25,72,33.46,278.49,0
2024-06-16,895.77,52,126,17.23,112.27,0
2024-06-17,798.07,34,106,23.47,492.23,0
2024-06-18,798.6,30,115,26.62,162.49,0
2024-06-19,687.7,27,68,25.47,83.01,0
2024-06-20,775.25,41,138,18.91,348.42,1
2024-06-21,800.15,24,101,33.34,317.91,0
2024-06-22,867.87,30,99,28.93,236.82,0
2024-06-23,973.44,30,64,32.45,239.99,1
2024-06-24,909.45,28,48,32.48,403.28,0
2024-06-25,797.91,26,90,30.69,138.07,0
2024-06-26,647.63,27,78,23.99,419.11,0
2024-06-27,676.87,24,80,28.2,341.94,0
2024-06-28,788.75,43,113,18.34,238.54,0
2024-06-29,769.49,27,74,28.5,256.11,0
2024-06-30,865.57,46,147,18.82,165.49,0
2024-07-01,698.84,24,89,29.12,388.45,0
2024-07-02,594.34,30,58,19.81,280.79,0
2024-07-03,504.06,29,90,17.38,194.38,0
2024-07-04,523.6,28,46,18.7,318.22,0
2024-07-05,558.36,37,103,15.09,498.08,0
2024-07-06,655.43,22,74,29.79,245.87,0
2024-07-07,680.03,22,86,30.91,464.31,0
2024-07-08,551.55,21,77,26.26,205.26,0
2024-07-09,461.8,25,88,18.47,74.63,0
2024-07-10,404.76,24,66,16.86,141.91,0
2024-07-11,552.81,35,98,15.79,238.41,0
2024-07-12,553.27,30,71,18.44,148.84,0
2024-07-13,583.97,17,64,34.35,50.1,0
2024-07-14,748.22,37,83,20.22,461.75,0
2024-07-15,831.9,37,94,22.48,429.75,1
2024-07-16,658.19,38,118,17.32,384.03,0
2024-07-17,675.68,34,82,19.87,125.52,0
2024-07-18,668.78,26,66,25.72,104.16,0
2024-07-19,733.89,27,86,27.18,80.42,1
2024-07-20,854.41,42,87,20.34,375.81,0
2024-07-21,811.49,50,172,16.23,467.96,0
2024-07-22,793.0,34,89,23.32,243.74,0
2024-07-23,718.01,36,84,19.94,103.61,0
2024-07-24,611.98,31,105,19.74,280.58,0
2024-07-25,692.66,20,54,34.63,206.97,0
2024-07-26,675.22,24,53,28.13,218.67,1
2024-07-27,684.02,26,84,26.31,329.6,1
2024-07-28,737.27,31,81,23.78,373.42,1
2024-07-29,594.36,25,80,23.77,99.77,0
2024-07-30,543.42,21,42,25.88,66.02,0
2024-07-31,471.54,16,37,29.47,497.45,0
2024-08-01,517.17,17,46,30.42,154.73,0
2024-08-02,527.7,28,47,18.85,74.22,0
2024-08-03,547.73,21,64,26.08,135.44,0
2024-08-04,592.36,25,81,23.69,67.53,0
2024-08-05,569.76,17,52,33.52,226.31,0
2024-08-06,456.03,16,69,28.5,411.08,0
2024-08-07,387.94,15,53,25.86,203.56,0
2024-08-08,344.86,19,72,18.15,249.88,0
2024-08-09,431.91,15,49,28.79,354.01,0
2024-08-10,548.55,31,82,17.7,279.0,0
2024-08-11,568.0,26,105,21.85,437.65,0
2024-08-12,567.23,31,99,18.3,439.72,0
2024-08-13,532.51,18,35,29.58,54.46,0
2024-08-14,535.44,27,81,19.83,400.12,0
2024-08-15,542.38,23,62,23.58,257.33,0
2024-08-16,652.19,19,64,34.33,494.98,0
2024-08-17,710.01,37,83,19.19,267.45,0
2024-08-18,635.98,25,103,25.44,494.1,1
2024-08-19,652.53,27,70,24.17,389.56,0
2024-08-20,625.94,40,106,15.65,161.87,1
2024-08-21,527.29,17,60,31.02,292.28,0
2024-08-22,625.95,38,77,16.47,496.46,0
2024-08-23,722.83,29,103,24.93,435.89,1
2024-08-24,753.08,28,97,26.9,93.82,0
2024-08-25,676.36,24,63,28.18,367.87,0
2024-08-26,694.7,24,76,28.95,205.51,0
2024-08-27,532.5,26,63,20.48,53.14,0
2024-08-28,438.22,28,73,15.65,231.57,1
2024-08-29,413.18,14,38,29.51,155.64,0
2024-08-30,465.75,18,41,25.88,418.49,0
2024-08-31,500.68,15,42,33.38,201.8,0
2024-09-01,523.85,16,62,32.74,422.39,0
2024-09-02,463.81,14,43,33.13,50.27,0
2024-09-03,374.85,15,58,24.99,188.52,0
2024-09-04,346.64,15,60,23.11,158.52,0
2024-09-05,398.42,12,47,33.2,155.11,0
2024-09-06,452.83,18,64,25.16,80.68,0
2024-09-07,402.61,21,49,19.17,134.21,0
2024-09-08,378.16,11,32,34.38,300.0,0
2024-09-09,526.8,16,38,32.92,181.11,0
2024-09-10,362.96,14,46,25.93,237.83,0
2024-09-11,399.62,24,89,16.65,219.59,0
2024-09-12,391.78,17,40,23.05,444.16,1
2024-09-13,446.76,14,29,31.91,457.38,0
2024-09-14,649.48,19,51,34.18,271.83,1
2024-09-15,696.74,36,67,19.35,198.57,0
2024-09-16,604.58,37,131,16.34,98.06,0
2024-09-17,448.49,13,9,34.5,479.03,0
2024-09-18,517.02,22,79,23.5,77.1,1
2024-09-19,584.01,22,77,26.55,183.94,0
2024-09-20,552.51,16,47,34.53,184.13,1
2024-09-21,692.5,42,140,16.49,194.18,1
2024-09-22,687.42,24,65,28.64,123.93,0
2024-09-23,658.78,39,87,16.89,402.42,0
2024-09-24,547.45,24,72,22.81,105.12,0
2024-09-25,427.59,13,37,32.89,335.71,0
2024-09-26,527.5,22,54,23.98,105.73,0
2024-09-27,497.24,14,26,35.52,81.74,0
2024-09-28,541.36,20,69,27.07,459.24,0
2024-09-29,487.66,22,43,22.17,135.56,0
2024-09-30,447.23,23,76,19.44,419.56,0
2024-10-01,337.22,15,38,22.48,295.08,0
2024-10-02,314.98,14,44,22.5,85.04,0
2024-10-03,414.71,25,79,16.59,479.95,0
2024-10-04,318.18,14,45,22.73,161.13,0
2024-10-05,369.01,15,36,24.6,436.84,0
2024-10-06,544.34,18,52,30.24,125.96,0
2024-10-07,427.73,15,49,28.52,434.27,0
2024-10-08,350.61,12,51,29.22,55.95,0
2024-10-09,412.03,27,75,15.26,280.3,0
2024-10-10,367.59,18,52,20.42,396.25,0
2024-10-11,576.31,20,41,28.82,470.66,1
2024-10-12,607.18,24,76,25.3,459.14,0
2024-10-13,590.13,39,133,15.13,418.83,0
2024-10-14,703.86,22,47,31.99,449.69,0
2024-10-15,518.98,17,62,30.53,139.65,0
2024-10-16,562.74,21,45,26.8,177.88,0
2024-10-17,571.87,35,120,16.34,180.04,0
2024-10-18,695.87,22,41,31.63,219.67,0
2024-10-19,777.8,29,93,26.82,226.99,0
2024-10-20,718.02,23,60,31.22,295.05,0
2024-10-21,631.55,21,54,30.07,121.95,0
2024-10-22,613.94,19,46,32.31,361.06,1
2024-10-23,500.44,19,31,26.34,125.4,0
2024-10-24,633.26,35,64,18.09,189.64,0
2024-10-25,581.76,20,40,29.09,276.51,0
2024-10-26,596.93,21,54,28.43,408.4,0
2024-10-27,616.55,20,66,30.83,382.76,0
2024-10-28,473.41,25,50,18.94,340.49,0
2024-10-29,400.64,21,61,19.08,120.1,0
2024-10-30,446.01,13,58,34.31,296.17,0
2024-10-31,351.79,11,41,31.98,89.35,0
2024-11-01,381.98,11,28,34.73,219.81,0
2024-11-02,515.44,17,47,30.32,236.08,0
2024-11-03,560.11,20,47,28.01,67.92,0
2024-11-04,495.53,17,58,29.15,173.29,0
2024-11-05,447.27,13,30,34.41,480.04,0
2024-11-06,328.69,12,39,27.39,479.13,0
2024-11-07,327.81,11,31,29.8,208.55,0
2024-11-08,557.39,30,78,18.58,69.4,0
2024-11-09,552.74,22,56,25.12,130.59,0
2024-11-10,597.97,20,37,29.9,226.5,0
2024-11-11,660.96,32,100,20.65,476.5,0
2024-11-12,580.31,30,107,19.34,113.54,1
2024-11-13,558.33,26,74,21.47,393.58,0
2024-11-14,683.46,34,84,20.1,98.91,0
2024-11-15,626.77,32,100,19.59,491.57,0
2024-11-16,785.22,33,124,23.79,221.73,0
2024-11-17,769.96,23,67,33.48,398.86,0
2024-11-18,745.14,29,96,25.69,204.17,0
2024-11-19,741.43,39,138,19.01,332.45,1
2024-11-20,644.65,38,109,16.96,136.41,1
2024-11-21,654.2,22,58,29.74,115.71,0
2024-11-22,731.54,32,99,22.86,472.13,0
2024-11-23,706.44,22,88,32.11,462.94,1
2024-11-24,679.35,24,74,28.31,449.36,0
2024-11-25,604.86,19,40,31.83,331.45,0
2024-11-26,467.38,22,49,21.24,413.72,0
2024-11-27,603.28,20,56,30.16,81.07,0
2024-11-28,439.93,21,69,20.95,200.66,0
2024-11-29,527.92,15,41,35.19,191.17,0
2024-11-30,572.14,20,45,28.61,336.04,0
2024-12-01,605.19,28,84,21.61,210.18,0
2024-12-02,580.27,28,89,20.72,116.83,0
2024-12-03,511.06,27,108,18.93,318.41,0
2024-12-04,398.81,13,40,30.68,416.47,0
2024-12-05,443.52,22,86,20.16,221.96,0
2024-12-06,542.02,20,58,27.1,109.52,0
2024-12-07,596.04,29,57,20.55,138.51,1
2024-12-08,726.24,25,63,29.05,156.87,1
2024-12-09,652.21,20,69,32.61,184.95,0
2024-12-10,622.2,20,66,31.11,339.26,0
2024-12-11,603.65,19,64,31.77,320.43,0
2024-12-12,672.97,35,120,19.23,363.24,0
2024-12-13,713.18,42,112,16.98,213.13,1
2024-12-14,726.99,25,54,29.08,420.8,1
2024-12-15,849.36,37,94,22.96,141.84,0
2024-12-16,771.75,32,60,24.12,261.07,0
2024-12-17,722.15,46,120,15.7,410.42,0
2024-12-18,743.33,36,79,20.65,131.07,0
2024-12-19,794.89,50,181,15.9,99.44,0
2024-12-20,794.9,24,63,33.12,447.66,0
2024-12-21,865.15,43,88,20.12,204.32,0
2024-12-22,939.07,35,76,26.83,357.74,0
2024-12-23,807.63,51,152,15.84,61.41,0
2024-12-24,838.09,29,72,28.9,360.52,0
2024-12-25,672.71,31,85,21.7,192.25,0
2024-12-26,550.47,16,36,34.4,75.08,0
2024-12-27,717.36,21,43,34.16,324.42,0
2024-12-28,741.02,34,113,21.79,158.36,0
2024-12-29,783.76,23,77,34.08,224.06,1
2024-12-30,694.6,19,69,36.56,86.26,0
2024-12-31,573.44,18,66,31.86,116.22,0
2025-01-01,469.26,14,60,33.52,184.09,0
2025-01-02,533.84,26,57,20.53,90.39,0
2025-01-03,567.91,21,52,27.04,459.87,1
2025-01-04,652.75,39,87,16.74,52.72,0
2025-01-05,740.44,43,77,17.22,267.74,1
2025-01-06,769.55,22,85,34.98,105.46,0
2025-01-07,658.58,30,85,21.95,188.46,1
2025-01-08,561.06,18,55,31.17,466.73,0
2025-01-09,685.95,22,73,31.18,122.76,1
2025-01-10,814.59,25,53,32.58,484.62,0
2025-01-11,815.3,23,55,35.45,142.61,0
2025-01-12,881.92,44,133,20.04,383.7,0
2025-01-13,871.31,55,179,15.84,296.0,1
2025-01-14,784.06,33,72,23.76,448.02,0
2025-01-15,830.66,47,85,17.67,299.3,0
2025-01-16,821.32,53,126,15.5,290.55,1
2025-01-17,919.57,41,91,22.43,137.96,0
2025-01-18,920.2,29,77,31.73,124.8,0
2025-01-19,956.35,36,72,26.57,462.42,0
2025-01-20,964.26,45,86,21.43,197.53,0
2025-01-21,828.71,29,92,28.58,217.44,1
2025-01-22,875.13,44,82,19.89,391.92,0
2025-01-23,765.86,50,125,15.32,202.47,0
2025-01-24,839.08,27,60,31.08,478.43,1
2025-01-25,915.36,33,78,27.74,382.07,0
2025-01-26,791.58,26,68,30.45,318.84,0
2025-01-27,710.56,45,71,15.79,446.4,0
2025-01-28,634.38,19,57,33.39,72.32,0
2025-01-29,715.05,26,81,27.5,165.68,0
2025-01-30,628.19,23,83,27.31,259.27,1
2025-01-31,839.17,30,105,27.97,152.14,0
2025-02-01,743.47,23,60,32.32,384.76,0
2025-02-02,799.43,29,103,27.57,463.64,0
2025-02-03,832.28,31,93,26.85,240.7,0
2025-02-04,799.26,22,72,36.33,203.96,1
2025-02-05,776.46,25,102,31.06,482.7,1
2025-02-06,770.83,32,72,24.09,250.18,0
2025-02-07,848.79,29,55,29.27,270.07,0
2025-02-08,916.48,40,105,22.91,208.24,0
